,Date,Time,Latitude,Longitude
0,2013-08-22,8:02:55 PM,41.8850833333333,-87.7197966666667
1,2013-08-22,8:03:05 PM,41.8850116666667,-87.7188633333333
2,2013-08-22,8:03:15 PM,41.884955,-87.7179416666667
3,2013-08-22,8:03:45 PM,41.884485,-87.7171266666667
4,2013-08-22,8:04:15 PM,41.882375,-87.715635
5,2013-08-22,8:04:25 PM,41.881845,-87.7160416666667
6,2013-08-22,8:04:35 PM,41.8816683333333,-87.716125
7,2013-08-22,8:05:25 PM,41.877295,-87.7160316666667
8,2013-08-22,8:05:35 PM,41.8765316666667,-87.71599
9,2013-08-22,8:05:45 PM,41.875945,-87.7159583333333
10,2013-08-22,8:05:55 PM,41.8757283333333,-87.7161116666667
11,2013-08-22,8:06:15 PM,41.8753233333333,-87.717365
12,2013-08-22,8:06:25 PM,41.8751583333333,-87.7179883333333
13,2013-08-22,8:08:45 PM,41.8772716666667,-87.7161333333333
14,2013-08-22,8:08:55 PM,41.8775166666667,-87.7165433333333
15,2013-08-22,8:09:05 PM,41.8781866666667,-87.7164983333333
16,2013-08-22,8:09:15 PM,41.8788966666667,-87.7165133333333
17,2013-08-22,8:09:25 PM,41.87958,-87.716755
18,2013-08-22,8:09:35 PM,41.8802433333333,-87.7170233333333
19,2013-08-22,8:10:05 PM,41.8808116666667,-87.7176966666667
20,2013-08-22,8:10:15 PM,41.8807916666667,-87.7187183333333
21,2013-08-22,8:10:25 PM,41.8807683333333,-87.7196866666667
22,2013-08-22,8:15:55 PM,41.87745,-87.72056
23,2013-08-22,8:16:05 PM,41.8782066666667,-87.7205833333333
24,2013-08-22,8:16:15 PM,41.8788783333333,-87.720625
25,2013-08-22,8:16:25 PM,41.879535,-87.7206466666667
26,2013-08-22,8:16:35 PM,41.880135,-87.7206783333333
27,2013-08-22,8:16:45 PM,41.8805316666667,-87.7207
28,2013-08-22,8:17:05 PM,41.881125,-87.7207416666667
29,2013-08-22,8:17:25 PM,41.88195,-87.7207766666667
30,2013-08-22,8:17:35 PM,41.8825916666667,-87.7208583333333
31,2013-08-22,8:17:45 PM,41.8832333333333,-87.7208633333333
32,2013-08-22,8:17:55 PM,41.88384,-87.7208833333333
33,2013-08-22,8:18:05 PM,41.88448,-87.720895
34,2013-08-22,8:18:15 PM,41.8849933333333,-87.7208716666667
35,2013-08-22,8:18:25 PM,41.8850433333333,-87.7203783333333
36,2013-08-22,8:18:35 PM,41.8850266666667,-87.7195133333333
37,2013-08-22,8:18:45 PM,41.8849933333333,-87.7187283333333
38,2013-08-22,8:18:55 PM,41.8849466666667,-87.7180416666667
39,2013-08-22,8:19:05 PM,41.8849383333333,-87.7175816666667
40,2013-08-22,8:19:25 PM,41.8854366666667,-87.7171483333333
41,2013-08-22,8:19:35 PM,41.886135,-87.7169466666667
42,2013-08-22,8:19:45 PM,41.88688,-87.7168066666667
43,2013-08-22,8:19:55 PM,41.8875633333333,-87.7168366666667
44,2013-08-22,8:20:05 PM,41.8874366666667,-87.7164316666667
45,2013-08-22,8:20:15 PM,41.886885,-87.7163883333333
46,2013-08-22,8:20:25 PM,41.8863583333333,-87.7163433333333
47,2013-08-22,8:20:55 PM,41.8861333333333,-87.7168216666667
48,2013-08-22,8:22:15 PM,41.88522,-87.71459
49,2013-08-22,8:22:35 PM,41.88512,-87.7128883333333
50,2013-08-22,8:22:55 PM,41.8848166666667,-87.711445
51,2013-08-22,8:23:05 PM,41.8841316666667,-87.7113966666667
52,2013-08-22,8:23:15 PM,41.8834333333333,-87.7113616666667
53,2013-08-22,8:23:35 PM,41.8829416666667,-87.7119066666667
54,2013-08-22,8:23:45 PM,41.8823533333333,-87.7124883333333
55,2013-08-22,8:23:55 PM,41.881865,-87.7132133333333
56,2013-08-22,8:24:05 PM,41.8815666666667,-87.7141233333333
57,2013-08-22,8:24:15 PM,41.88161,-87.714995
58,2013-08-22,8:24:25 PM,41.88174,-87.7156
59,2013-08-22,8:24:45 PM,41.881895,-87.7165966666667
60,2013-08-22,8:24:55 PM,41.8818933333333,-87.7176183333333
61,2013-08-22,8:25:05 PM,41.88187,-87.71854
62,2013-08-22,8:25:45 PM,41.8817183333333,-87.7208133333333
63,2013-08-22,8:25:55 PM,41.8812083333333,-87.7208533333333
64,2013-08-22,8:26:05 PM,41.880995,-87.7202183333333
65,2013-08-22,8:26:15 PM,41.880965,-87.719345
66,2013-08-22,8:26:25 PM,41.8809666666667,-87.7184916666667
67,2013-08-22,8:26:35 PM,41.88096,-87.7176266666667
68,2013-08-22,8:26:45 PM,41.8809583333333,-87.7167666666667
69,2013-08-22,8:26:55 PM,41.8808633333333,-87.71603
70,2013-08-22,8:27:05 PM,41.88025,-87.7160233333333
71,2013-08-22,8:27:15 PM,41.8795766666667,-87.7159833333333
72,2013-08-22,8:27:25 PM,41.8788966666667,-87.71596
73,2013-08-22,8:27:35 PM,41.8782166666667,-87.7159033333333
74,2013-08-22,8:27:45 PM,41.87756,-87.7158883333333
75,2013-08-22,8:27:55 PM,41.8773816666667,-87.7163866666667
76,2013-08-22,8:28:05 PM,41.8773416666667,-87.7173383333333
77,2013-08-22,8:28:15 PM,41.8773216666667,-87.718185
78,2013-08-22,8:28:25 PM,41.8773033333333,-87.7190616666667
79,2013-08-22,8:28:45 PM,41.8777816666667,-87.7205433333333
80,2013-08-22,8:28:55 PM,41.8784183333333,-87.720565
81,2013-08-22,8:29:05 PM,41.8790783333333,-87.720605
82,2013-08-22,8:29:15 PM,41.8795616666667,-87.72038
83,2013-08-22,8:29:25 PM,41.8795533333333,-87.71965
84,2013-08-22,8:29:35 PM,41.879335,-87.7192116666667
85,2013-08-22,8:29:45 PM,41.87918,-87.7186016666667
86,2013-08-22,8:29:55 PM,41.8795733333333,-87.7181883333333
87,2013-08-22,8:30:05 PM,41.8799633333333,-87.7185783333333
88,2013-08-22,8:30:15 PM,41.8798533333333,-87.7190516666667
89,2013-08-22,8:30:25 PM,41.879385,-87.7191716666667
90,2013-08-22,8:30:35 PM,41.87923,-87.7184916666667
91,2013-08-22,8:30:45 PM,41.8795666666667,-87.71786
92,2013-08-22,8:30:55 PM,41.87957,-87.7170866666667
93,2013-08-22,8:31:05 PM,41.8792333333333,-87.71662
94,2013-08-22,8:31:15 PM,41.8786016666667,-87.7165016666667
95,2013-08-22,8:31:25 PM,41.878045,-87.716465
96,2013-08-22,8:31:35 PM,41.87755,-87.716565
97,2013-08-22,8:31:45 PM,41.8773983333333,-87.7165566666667
98,2013-08-22,8:36:45 PM,41.8857883333333,-87.7209
99,2013-08-22,8:36:55 PM,41.88648,-87.720915
100,2013-08-22,8:37:15 PM,41.886925,-87.72155
101,2013-08-22,8:37:25 PM,41.8868766666667,-87.7220816666667
102,2013-08-22,8:37:55 PM,41.8873466666667,-87.7225383333333
103,2013-08-22,8:38:05 PM,41.8877316666667,-87.722595
104,2013-08-22,8:38:15 PM,41.8879016666667,-87.7224
105,2013-08-22,8:38:25 PM,41.8879116666667,-87.721955
106,2013-08-22,8:38:35 PM,41.8879116666667,-87.7215033333333
107,2013-08-22,8:38:55 PM,41.8884066666667,-87.7210683333333
108,2013-08-22,8:39:45 PM,41.8898533333333,-87.7219533333333
109,2013-08-22,8:40:05 PM,41.889365,-87.7222783333333
110,2013-08-22,8:40:15 PM,41.8888916666667,-87.7222533333333
111,2013-08-22,8:40:25 PM,41.8884366666667,-87.7222333333333
112,2013-08-22,8:41:55 PM,41.8894766666667,-87.7234266666667
113,2013-08-22,8:42:05 PM,41.8890033333333,-87.7234216666667
114,2013-08-22,8:42:15 PM,41.888545,-87.7233733333333
115,2013-08-22,8:42:25 PM,41.8882666666667,-87.72352
116,2013-08-22,8:42:35 PM,41.8882516666667,-87.7239766666667
117,2013-08-22,8:42:45 PM,41.88825,-87.72443
118,2013-08-22,8:42:55 PM,41.8885283333333,-87.7246316666667
119,2013-08-22,8:43:05 PM,41.88905,-87.7246566666667
120,2013-08-22,8:43:15 PM,41.8895816666667,-87.72468
121,2013-08-22,8:43:25 PM,41.8898533333333,-87.7244716666667
122,2013-08-22,8:44:05 PM,41.8898816666667,-87.7219116666667
123,2013-08-22,8:44:15 PM,41.8898816666667,-87.7213666666667
124,2013-08-22,8:44:35 PM,41.8898816666667,-87.720875
125,2013-08-22,8:44:45 PM,41.8899033333333,-87.7201066666667
126,2013-08-22,8:44:55 PM,41.889485,-87.719925
127,2013-08-22,8:45:05 PM,41.889,-87.7198916666667
128,2013-08-22,8:45:15 PM,41.88856,-87.7198683333333
129,2013-08-22,8:46:15 PM,41.8899133333333,-87.7198666666667
130,2013-08-22,8:46:25 PM,41.8899283333333,-87.7192183333333
131,2013-08-22,8:46:35 PM,41.8898466666667,-87.7187333333333
132,2013-08-22,8:46:45 PM,41.88932,-87.7187133333333
133,2013-08-22,8:46:55 PM,41.888835,-87.7187016666667
134,2013-08-22,8:47:55 PM,41.8899566666667,-87.7187016666667
135,2013-08-22,8:48:05 PM,41.8899783333333,-87.7179
136,2013-08-22,8:48:15 PM,41.8897916666667,-87.717565
137,2013-08-22,8:48:25 PM,41.8894033333333,-87.7175283333333
138,2013-08-22,8:48:35 PM,41.8890116666667,-87.7175166666667
139,2013-08-22,8:48:45 PM,41.88881,-87.7173433333333
140,2013-08-22,8:48:55 PM,41.8886516666667,-87.7170033333333
141,2013-08-22,8:49:05 PM,41.8884666666667,-87.716555
142,2013-08-22,8:49:15 PM,41.8888716666667,-87.71642
143,2013-08-22,8:49:35 PM,41.8897683333333,-87.7163366666667
144,2013-08-22,8:49:45 PM,41.8897833333333,-87.7156483333333
145,2013-08-22,8:50:25 PM,41.8891716666667,-87.7150083333333
146,2013-08-22,8:50:35 PM,41.8888483333333,-87.7149866666667
147,2013-08-22,8:50:45 PM,41.88845,-87.7149583333333
148,2013-08-22,8:50:55 PM,41.88844,-87.7144883333333
149,2013-08-22,8:51:05 PM,41.8884416666667,-87.713985
150,2013-08-22,8:51:15 PM,41.8886983333333,-87.7137633333333
151,2013-08-22,8:51:25 PM,41.8891033333333,-87.71378
152,2013-08-22,8:51:35 PM,41.8894383333333,-87.7138033333333
153,2013-08-22,8:51:45 PM,41.8898366666667,-87.7136616666667
154,2013-08-22,8:51:55 PM,41.88984,-87.713035
155,2013-08-22,8:52:05 PM,41.889645,-87.7126216666667
156,2013-08-22,8:52:15 PM,41.8891083333333,-87.7126
157,2013-08-22,8:52:25 PM,41.888635,-87.7125766666667
158,2013-08-22,8:52:35 PM,41.8884116666667,-87.7122483333333
159,2013-08-22,8:52:45 PM,41.8884216666667,-87.711645
160,2013-08-22,8:52:55 PM,41.8884583333333,-87.711355
161,2013-08-22,8:53:05 PM,41.88901,-87.7113066666667
162,2013-08-22,8:53:45 PM,41.891525,-87.7113916666667
163,2013-08-22,8:53:55 PM,41.8921216666667,-87.71142
164,2013-08-22,8:54:05 PM,41.8927966666667,-87.711465
165,2013-08-22,8:54:15 PM,41.8934266666667,-87.7114966666667
166,2013-08-22,8:54:35 PM,41.8942233333333,-87.7115466666667
167,2013-08-22,8:55:15 PM,41.89519,-87.7103316666667
168,2013-08-22,8:55:25 PM,41.8948083333333,-87.7103183333333
169,2013-08-22,8:55:35 PM,41.8944133333333,-87.7102616666667
170,2013-08-22,8:56:05 PM,41.8934316666667,-87.7101783333333
171,2013-08-22,8:56:15 PM,41.8930716666667,-87.7101483333333
172,2013-08-22,8:56:25 PM,41.8926683333333,-87.710145
173,2013-08-22,8:56:35 PM,41.892155,-87.7101233333333
174,2013-08-22,8:56:45 PM,41.892,-87.70959
175,2013-08-22,8:57:15 PM,41.89253,-87.7089483333333
176,2013-08-22,8:57:25 PM,41.89294,-87.7089583333333
177,2013-08-22,8:57:35 PM,41.8933733333333,-87.708985
178,2013-08-22,8:57:45 PM,41.8938216666667,-87.7090216666667
179,2013-08-22,8:57:55 PM,41.89427,-87.7090516666667
180,2013-08-22,8:58:05 PM,41.8947633333333,-87.7090833333333
181,2013-08-22,8:58:15 PM,41.89518,-87.7091133333333
182,2013-08-22,8:58:35 PM,41.8953216666667,-87.707885
183,2013-08-22,8:58:45 PM,41.8949466666667,-87.70786
184,2013-08-22,8:58:55 PM,41.894495,-87.707825
185,2013-08-22,8:59:05 PM,41.8941333333333,-87.7077983333333
186,2013-08-22,8:59:15 PM,41.893755,-87.7077766666667
187,2013-08-22,8:59:25 PM,41.8933183333333,-87.7077416666667
188,2013-08-22,8:59:35 PM,41.8929183333333,-87.7077083333333
189,2013-08-22,8:59:45 PM,41.89248,-87.7076916666667
190,2013-08-22,8:59:55 PM,41.8920433333333,-87.7076733333333
191,2013-08-22,9:00:05 PM,41.8919783333333,-87.7070683333333
192,2013-08-22,9:00:25 PM,41.8927666666667,-87.7064916666667
193,2013-08-22,9:00:35 PM,41.893495,-87.7065116666667
194,2013-08-22,9:01:25 PM,41.895475,-87.7046933333333
195,2013-08-22,9:01:35 PM,41.8950966666667,-87.70415
196,2013-08-22,9:01:45 PM,41.8944016666667,-87.7041283333333
197,2013-08-22,9:01:55 PM,41.8937466666667,-87.704075
198,2013-08-22,9:02:05 PM,41.8931316666667,-87.7040533333333
199,2013-08-22,9:02:15 PM,41.8925133333333,-87.7040366666667
200,2013-08-22,9:02:25 PM,41.891935,-87.70402
201,2013-08-22,9:02:35 PM,41.8913916666667,-87.704005
202,2013-08-22,9:02:45 PM,41.8908133333333,-87.7039683333333
203,2013-08-22,9:02:55 PM,41.890425,-87.7041583333333
204,2013-08-22,9:03:05 PM,41.8904216666667,-87.7047933333333
205,2013-08-22,9:03:15 PM,41.8905616666667,-87.7051583333333
206,2013-08-22,9:03:25 PM,41.89104,-87.70518
207,2013-08-22,9:03:35 PM,41.891455,-87.7052166666667
208,2013-08-22,9:03:45 PM,41.8918866666667,-87.7052316666667
209,2013-08-22,9:03:55 PM,41.8924233333333,-87.7052683333333
210,2013-08-22,9:04:05 PM,41.892935,-87.7053016666667
211,2013-08-22,9:04:15 PM,41.8934333333333,-87.7053183333333
212,2013-08-22,9:04:25 PM,41.8939533333333,-87.70534
213,2013-08-22,9:04:35 PM,41.894495,-87.7053583333333
214,2013-08-22,9:04:45 PM,41.895025,-87.70537
215,2013-08-22,9:06:05 PM,41.895255,-87.71269
216,2013-08-22,9:06:15 PM,41.8947683333333,-87.7126616666667
217,2013-08-22,9:06:25 PM,41.8943333333333,-87.7126166666667
218,2013-08-22,9:06:35 PM,41.8938833333333,-87.7125916666667
219,2013-08-22,9:06:45 PM,41.8935616666667,-87.7125766666667
220,2013-08-22,9:06:55 PM,41.8931716666667,-87.7125716666667
221,2013-08-22,9:07:05 PM,41.8926666666667,-87.71254
222,2013-08-22,9:07:15 PM,41.8921816666667,-87.7125416666667
223,2013-08-22,9:07:25 PM,41.8916966666667,-87.7125316666667
224,2013-08-22,9:07:35 PM,41.8912566666667,-87.7125
225,2013-08-22,9:07:45 PM,41.8908166666667,-87.7124916666667
226,2013-08-22,9:07:55 PM,41.89036,-87.71261
227,2013-08-22,9:08:05 PM,41.8903433333333,-87.713275
228,2013-08-22,9:08:15 PM,41.8904916666667,-87.7137233333333
229,2013-08-22,9:08:25 PM,41.8909466666667,-87.7137733333333
230,2013-08-22,9:08:35 PM,41.891265,-87.7137633333333
231,2013-08-22,9:08:45 PM,41.891615,-87.71382
232,2013-08-22,9:08:55 PM,41.89216,-87.7138416666667
233,2013-08-22,9:09:05 PM,41.892605,-87.7138683333333
234,2013-08-22,9:09:15 PM,41.893035,-87.7138833333333
235,2013-08-22,9:09:25 PM,41.8934316666667,-87.7138966666667
236,2013-08-22,9:09:35 PM,41.8938766666667,-87.7139133333333
237,2013-08-22,9:09:45 PM,41.8943216666667,-87.7139466666667
238,2013-08-22,9:09:55 PM,41.8947683333333,-87.7139416666667
239,2013-08-22,9:10:15 PM,41.8952866666667,-87.715045
240,2013-08-22,9:10:25 PM,41.8948266666667,-87.7151316666667
241,2013-08-22,9:10:35 PM,41.8944183333333,-87.7151116666667
242,2013-08-22,9:10:45 PM,41.8940683333333,-87.7150783333333
243,2013-08-22,9:10:55 PM,41.8939416666667,-87.7148183333333
244,2013-08-22,9:11:45 PM,41.8947633333333,-87.715125
245,2013-08-22,9:11:55 PM,41.8948583333333,-87.7147483333333
246,2013-08-22,9:12:05 PM,41.8946983333333,-87.7145133333333
247,2013-08-22,9:12:15 PM,41.8943366666667,-87.7145
248,2013-08-22,9:12:35 PM,41.8940483333333,-87.714745
249,2013-08-22,9:13:35 PM,41.89528,-87.7157333333333
250,2013-08-22,9:13:45 PM,41.89487,-87.7157216666667
251,2013-08-22,9:13:55 PM,41.8944683333333,-87.715705
252,2013-08-22,9:14:05 PM,41.8941083333333,-87.7156783333333
253,2013-08-22,9:14:15 PM,41.893705,-87.7156666666667
254,2013-08-22,9:14:25 PM,41.89357,-87.7152183333333
255,2013-08-22,9:14:35 PM,41.8931466666667,-87.715055
256,2013-08-22,9:14:45 PM,41.8927383333333,-87.715015
257,2013-08-22,9:14:55 PM,41.8922933333333,-87.7150016666667
258,2013-08-22,9:15:05 PM,41.8918733333333,-87.7149916666667
259,2013-08-22,9:15:15 PM,41.8913166666667,-87.714975
260,2013-08-22,9:15:25 PM,41.8907116666667,-87.714945
261,2013-08-22,9:15:35 PM,41.890305,-87.7151033333333
262,2013-08-22,9:15:45 PM,41.8902966666667,-87.7160116666667
263,2013-08-22,9:15:55 PM,41.8907866666667,-87.7161416666667
264,2013-08-22,9:16:05 PM,41.8913983333333,-87.7161683333333
265,2013-08-22,9:16:15 PM,41.8919633333333,-87.716195
266,2013-08-22,9:16:25 PM,41.892495,-87.71624
267,2013-08-22,9:16:35 PM,41.8930716666667,-87.7162616666667
268,2013-08-22,9:16:45 PM,41.8935483333333,-87.7162716666667
269,2013-08-22,9:16:55 PM,41.8941183333333,-87.7162983333333
270,2013-08-22,9:17:35 PM,41.8954366666667,-87.71857
271,2013-08-22,9:17:45 PM,41.895195,-87.71878
272,2013-08-22,9:17:55 PM,41.89472,-87.7187533333333
273,2013-08-22,9:18:05 PM,41.8942733333333,-87.7187466666667
274,2013-08-22,9:18:15 PM,41.8937716666667,-87.7187366666667
275,2013-08-22,9:18:35 PM,41.89284,-87.718685
276,2013-08-22,9:18:45 PM,41.8924033333333,-87.7186733333333
277,2013-08-22,9:18:55 PM,41.8919416666667,-87.7186483333333
278,2013-08-22,9:19:05 PM,41.89148,-87.7186316666667
279,2013-08-22,9:19:15 PM,41.8910016666667,-87.718625
280,2013-08-22,9:19:25 PM,41.890555,-87.7185966666667
281,2013-08-22,9:19:35 PM,41.8900633333333,-87.718585
282,2013-08-22,9:19:45 PM,41.8895866666667,-87.7185583333333
283,2013-08-22,9:19:55 PM,41.8891616666667,-87.7185283333333
284,2013-08-22,9:20:45 PM,41.8899716666667,-87.7185633333333
285,2013-08-22,9:20:55 PM,41.8900383333333,-87.717915
286,2013-08-22,9:21:05 PM,41.8903466666667,-87.7174866666667
287,2013-08-22,9:21:15 PM,41.890785,-87.7174816666667
288,2013-08-22,9:21:25 PM,41.8911966666667,-87.7174816666667
289,2013-08-22,9:21:35 PM,41.8916533333333,-87.7175016666667
290,2013-08-22,9:21:45 PM,41.8920916666667,-87.7175116666667
291,2013-08-22,9:21:55 PM,41.8925416666667,-87.7175166666667
292,2013-08-22,9:22:05 PM,41.893,-87.7175283333333
293,2013-08-22,9:22:25 PM,41.8940033333333,-87.71758
294,2013-08-22,9:22:45 PM,41.8948066666667,-87.7176166666667
295,2013-08-22,9:24:05 PM,41.894695,-87.72125
296,2013-08-22,9:24:15 PM,41.8941016666667,-87.7212333333333
297,2013-08-22,9:24:25 PM,41.8936516666667,-87.72121
298,2013-08-22,9:24:35 PM,41.893025,-87.7211933333333
299,2013-08-22,9:24:45 PM,41.892315,-87.721165
300,2013-08-22,9:24:55 PM,41.8917116666667,-87.7211383333333
301,2013-08-22,9:25:05 PM,41.891105,-87.7211166666667
302,2013-08-22,9:25:15 PM,41.8905033333333,-87.721105
303,2013-08-22,9:25:25 PM,41.889985,-87.7209283333333
304,2013-08-22,9:25:35 PM,41.8899666666667,-87.7201283333333
305,2013-08-22,9:25:45 PM,41.8901283333333,-87.719885
306,2013-08-22,9:25:55 PM,41.8906416666667,-87.7198933333333
307,2013-08-22,9:26:05 PM,41.8911933333333,-87.7199016666667
308,2013-08-22,9:26:15 PM,41.8916716666667,-87.7199033333333
309,2013-08-22,9:26:25 PM,41.8921716666667,-87.7199316666667
310,2013-08-22,9:26:35 PM,41.8925716666667,-87.7199366666667
311,2013-08-22,9:26:45 PM,41.89307,-87.7199283333333
312,2013-08-22,9:26:55 PM,41.8935733333333,-87.7199433333333
313,2013-08-22,9:27:05 PM,41.8940216666667,-87.71998
314,2013-08-22,9:27:15 PM,41.89448,-87.71997
315,2013-08-22,9:28:15 PM,41.8950166666667,-87.7224333333333
316,2013-08-22,9:28:25 PM,41.8946033333333,-87.7223933333333
317,2013-08-22,9:28:35 PM,41.8941216666667,-87.7223766666667
318,2013-08-22,9:28:45 PM,41.8936183333333,-87.7223533333333
319,2013-08-22,9:28:55 PM,41.8932416666667,-87.7223383333333
320,2013-08-22,9:29:15 PM,41.8928166666667,-87.7223333333333
321,2013-08-22,9:29:25 PM,41.8925033333333,-87.722325
322,2013-08-22,9:29:35 PM,41.892005,-87.722295
323,2013-08-22,9:29:45 PM,41.891485,-87.72228
324,2013-08-22,9:29:55 PM,41.8910166666667,-87.7222533333333
325,2013-08-22,9:30:05 PM,41.8904666666667,-87.72222
326,2013-08-22,9:30:15 PM,41.89003,-87.7222483333333
327,2013-08-22,9:30:25 PM,41.8899983333333,-87.7229383333333
328,2013-08-22,9:30:35 PM,41.8901283333333,-87.7234433333333
329,2013-08-22,9:30:45 PM,41.8904683333333,-87.72344
330,2013-08-22,9:31:35 PM,41.89084,-87.72347
331,2013-08-22,9:31:45 PM,41.891295,-87.7234716666667
332,2013-08-22,9:31:55 PM,41.8917783333333,-87.7234683333333
333,2013-08-22,9:32:05 PM,41.8923033333333,-87.7234833333333
334,2013-08-22,9:32:25 PM,41.8930216666667,-87.7235133333333
335,2013-08-22,9:32:35 PM,41.8935116666667,-87.723535
336,2013-08-22,9:32:45 PM,41.8939983333333,-87.72357
337,2013-08-22,9:32:55 PM,41.894435,-87.7235733333333
338,2013-08-22,9:33:25 PM,41.8950416666667,-87.7248366666667
339,2013-08-22,9:33:35 PM,41.8945616666667,-87.7248183333333
340,2013-08-22,9:33:45 PM,41.89414,-87.7248
341,2013-08-22,9:33:55 PM,41.8936033333333,-87.724795
342,2013-08-22,9:34:05 PM,41.8931366666667,-87.724815
343,2013-08-22,9:34:15 PM,41.8925783333333,-87.72478
344,2013-08-22,9:34:25 PM,41.89208,-87.724765
345,2013-08-22,9:34:35 PM,41.8916366666667,-87.7247416666667
346,2013-08-22,9:34:45 PM,41.8911833333333,-87.724715
347,2013-08-22,9:34:55 PM,41.8906466666667,-87.724695
348,2013-08-22,9:35:05 PM,41.890145,-87.7247383333333
349,2013-08-22,9:35:15 PM,41.89012,-87.7255483333333
350,2013-08-22,9:35:35 PM,41.890805,-87.7258366666667
351,2013-08-22,9:35:45 PM,41.8914133333333,-87.7258566666667
352,2013-08-22,9:35:55 PM,41.8918716666667,-87.7257383333333
353,2013-08-22,9:36:05 PM,41.89188,-87.7250916666667
354,2013-08-22,9:36:15 PM,41.8918616666667,-87.724495
355,2013-08-22,9:36:25 PM,41.8918683333333,-87.7237433333333
356,2013-08-22,9:36:35 PM,41.89186,-87.72299
357,2013-08-22,9:36:45 PM,41.891855,-87.7222116666667
358,2013-08-22,9:36:55 PM,41.89183,-87.7213883333333
359,2013-08-22,9:37:05 PM,41.89182,-87.7206033333333
360,2013-08-22,9:37:15 PM,41.89182,-87.7199316666667
361,2013-08-22,9:37:25 PM,41.8918216666667,-87.7191133333333
362,2013-08-22,9:37:35 PM,41.8918383333333,-87.7183816666667
363,2013-08-22,9:37:45 PM,41.8918233333333,-87.7175816666667
364,2013-08-22,9:37:55 PM,41.8918283333333,-87.7167633333333
365,2013-08-22,9:38:05 PM,41.8918216666667,-87.7159933333333
366,2013-08-22,9:38:15 PM,41.891825,-87.7153433333333
367,2013-08-22,9:38:25 PM,41.891825,-87.7146633333333
368,2013-08-22,9:38:35 PM,41.891845,-87.7139766666667
369,2013-08-22,9:38:45 PM,41.8918616666667,-87.713315
370,2013-08-22,9:38:55 PM,41.891865,-87.7126383333333
371,2013-08-22,9:39:05 PM,41.8918666666667,-87.712025
372,2013-08-22,9:39:25 PM,41.8918633333333,-87.7107816666667
373,2013-08-22,9:39:35 PM,41.8918233333333,-87.7099983333333
374,2013-08-22,9:39:45 PM,41.8918433333333,-87.7092083333333
375,2013-08-22,9:39:55 PM,41.89185,-87.7084333333333
376,2013-08-22,9:40:05 PM,41.89188,-87.7076216666667
377,2013-08-22,9:40:25 PM,41.8923483333333,-87.706685
378,2013-08-22,9:40:35 PM,41.8930233333333,-87.7066566666667
379,2013-08-22,9:40:45 PM,41.8936183333333,-87.7066566666667
380,2013-08-22,9:40:55 PM,41.8937016666667,-87.7072516666667
381,2013-08-22,9:41:05 PM,41.8936933333333,-87.7078066666667
382,2013-08-22,9:41:15 PM,41.8937016666667,-87.7084483333333
383,2013-08-22,9:41:25 PM,41.8937166666667,-87.70904
384,2013-08-22,9:41:35 PM,41.8937183333333,-87.7097
385,2013-08-22,9:41:45 PM,41.893725,-87.7102616666667
386,2013-08-22,9:41:55 PM,41.8937366666667,-87.7108916666667
387,2013-08-22,9:42:15 PM,41.8937416666667,-87.711875
388,2013-08-22,9:42:25 PM,41.8937566666667,-87.712365
389,2013-08-22,9:42:35 PM,41.8937416666667,-87.7129116666667
390,2013-08-22,9:42:45 PM,41.8937633333333,-87.713675
391,2013-08-22,9:42:55 PM,41.893735,-87.7143566666667
392,2013-08-22,9:43:05 PM,41.8936983333333,-87.715095
393,2013-08-22,9:43:15 PM,41.89372,-87.715835
394,2013-08-22,9:43:25 PM,41.8937016666667,-87.7165966666667
395,2013-08-22,9:43:35 PM,41.8936983333333,-87.7172966666667
396,2013-08-22,9:43:45 PM,41.89368,-87.718085
397,2013-08-22,9:43:55 PM,41.8937433333333,-87.7187483333333
398,2013-08-22,9:44:05 PM,41.8937466666667,-87.71949
399,2013-08-22,9:44:15 PM,41.8937633333333,-87.720265
400,2013-08-22,9:44:25 PM,41.8937516666667,-87.720895
401,2013-08-22,9:44:35 PM,41.893745,-87.7216483333333
402,2013-08-22,9:44:45 PM,41.8937266666667,-87.7223466666667
403,2013-08-22,9:44:55 PM,41.893725,-87.7230616666667
404,2013-08-22,9:45:05 PM,41.8937033333333,-87.7236133333333
405,2013-08-22,9:45:15 PM,41.8936866666667,-87.7243366666667
406,2013-08-22,9:45:25 PM,41.8932816666667,-87.7244783333333
407,2013-08-22,9:45:35 PM,41.8927316666667,-87.7244883333333
408,2013-08-22,9:45:45 PM,41.8924933333333,-87.7249466666667
409,2013-08-22,9:46:05 PM,41.8930516666667,-87.7256033333333
410,2013-08-22,9:46:15 PM,41.893055,-87.7249833333333
411,2013-08-22,9:46:25 PM,41.89282,-87.72461
412,2013-08-22,9:46:35 PM,41.8922266666667,-87.7246183333333
413,2013-08-22,9:46:45 PM,41.8917666666667,-87.7246133333333
414,2013-08-22,9:46:55 PM,41.891255,-87.724605
415,2013-08-22,9:47:05 PM,41.89064,-87.7246033333333
416,2013-08-22,9:47:15 PM,41.890135,-87.724615
417,2013-08-22,9:47:25 PM,41.8900533333333,-87.7238583333333
418,2013-08-22,9:47:35 PM,41.89004,-87.7231266666667
419,2013-08-22,9:47:45 PM,41.890045,-87.722385
420,2013-08-22,9:47:55 PM,41.89003,-87.72165
421,2013-08-22,9:48:35 PM,41.88999,-87.7209133333333
422,2013-08-22,9:48:45 PM,41.89001,-87.720035
423,2013-08-22,9:48:55 PM,41.8899866666667,-87.719345
424,2013-08-22,9:49:05 PM,41.8900066666667,-87.7186
425,2013-08-22,9:49:15 PM,41.8900133333333,-87.7177783333333
426,2013-08-22,9:49:25 PM,41.889995,-87.7169666666667
427,2013-08-22,9:49:35 PM,41.8896233333333,-87.7167433333333
428,2013-08-22,9:49:45 PM,41.888905,-87.7167466666667
429,2013-08-22,9:50:15 PM,41.889775,-87.7160866666667
430,2013-08-22,9:50:25 PM,41.889765,-87.7153533333333
431,2013-08-22,9:50:35 PM,41.8897483333333,-87.7146216666667
432,2013-08-22,9:50:45 PM,41.8897683333333,-87.7137666666667
433,2013-08-22,9:50:55 PM,41.8897816666667,-87.7130766666667
434,2013-08-22,9:51:05 PM,41.889795,-87.7121633333333
435,2013-08-22,9:51:15 PM,41.8897883333333,-87.7115416666667
436,2013-08-22,9:51:25 PM,41.8898216666667,-87.71078
437,2013-08-22,9:51:35 PM,41.8898233333333,-87.709935
438,2013-08-22,9:51:55 PM,41.8899016666667,-87.70836
439,2013-08-22,9:52:05 PM,41.8899166666667,-87.707595
440,2013-08-22,9:52:15 PM,41.8899083333333,-87.70681
441,2013-08-22,9:52:45 PM,41.8876883333333,-87.706475
442,2013-08-22,9:52:55 PM,41.88768,-87.7057233333333
443,2013-08-22,9:53:05 PM,41.8876533333333,-87.7048983333333
444,2013-08-22,9:53:15 PM,41.8876566666667,-87.7039866666667
445,2013-08-22,9:53:25 PM,41.8876616666667,-87.7031
446,2013-08-22,9:53:35 PM,41.8876833333333,-87.7021716666667
447,2013-08-22,9:53:45 PM,41.887545,-87.701655
448,2013-08-22,9:53:55 PM,41.887045,-87.7016316666667
449,2013-08-22,9:54:05 PM,41.8865733333333,-87.7016966666667
450,2013-08-22,9:54:15 PM,41.8865516666667,-87.70236
451,2013-08-22,9:54:25 PM,41.8865583333333,-87.703065
452,2013-08-22,9:54:35 PM,41.8865333333333,-87.703745
453,2013-08-22,9:54:45 PM,41.8865016666667,-87.70465
454,2013-08-22,9:55:05 PM,41.8864716666667,-87.7055166666667
455,2013-08-22,9:55:15 PM,41.8864383333333,-87.7061366666667
456,2013-08-22,9:58:45 PM,41.8853883333333,-87.70554
457,2013-08-22,9:58:55 PM,41.88542,-87.7048333333333
458,2013-08-22,9:59:05 PM,41.8854433333333,-87.7041633333333
459,2013-08-22,9:59:25 PM,41.8854633333333,-87.7028683333333
460,2013-08-22,9:59:35 PM,41.8854583333333,-87.7022516666667
461,2013-08-22,9:59:45 PM,41.8854483333333,-87.7016233333333
462,2013-08-22,10:01:05 PM,41.8837816666667,-87.7057516666667
463,2013-08-22,10:01:15 PM,41.883755,-87.7052533333333
464,2013-08-22,10:01:25 PM,41.8835066666667,-87.70513
465,2013-08-22,10:01:35 PM,41.88346,-87.7045966666667
466,2013-08-22,10:01:45 PM,41.8834516666667,-87.7038333333333
467,2013-08-22,10:01:55 PM,41.88303,-87.7036883333333
468,2013-08-22,10:02:05 PM,41.882945,-87.7045166666667
469,2013-08-22,10:02:15 PM,41.8828883333333,-87.7053983333333
470,2013-08-22,10:03:05 PM,41.8819733333333,-87.7057766666667
471,2013-08-22,10:03:15 PM,41.8819833333333,-87.7049133333333
472,2013-08-22,10:03:25 PM,41.88197,-87.7041166666667
473,2013-08-22,10:03:35 PM,41.881695,-87.7037116666667
474,2013-08-22,10:03:45 PM,41.88129,-87.703685
475,2013-08-22,8:39:08 PM,41.879635,-87.706335
476,2013-08-22,8:39:18 PM,41.879645,-87.70699
477,2013-08-22,8:39:28 PM,41.8796033333333,-87.70718
478,2013-08-22,8:39:38 PM,41.8796466666667,-87.7064916666667
479,2013-08-22,8:40:08 PM,41.8784083333333,-87.7062216666667
480,2013-08-22,8:40:18 PM,41.8784133333333,-87.7069
481,2013-08-22,8:41:08 PM,41.8782966666667,-87.7067683333333
482,2013-08-22,8:41:18 PM,41.8777316666667,-87.70679
483,2013-08-22,8:41:28 PM,41.87764,-87.7063683333333
484,2013-08-22,8:41:38 PM,41.87811,-87.7063166666667
485,2013-08-22,8:43:18 PM,41.8748916666667,-87.7064733333333
486,2013-08-22,8:43:28 PM,41.874675,-87.707385
487,2013-08-22,8:43:38 PM,41.87461,-87.7083916666667
488,2013-08-22,8:43:48 PM,41.8745883333333,-87.7093183333333
489,2013-08-22,8:43:58 PM,41.8745716666667,-87.710375
490,2013-08-22,8:44:08 PM,41.8745516666667,-87.711325
491,2013-08-22,8:44:18 PM,41.8745283333333,-87.7122566666667
492,2013-08-22,8:44:28 PM,41.8745166666667,-87.71313
493,2013-08-22,8:44:38 PM,41.874505,-87.7140166666667
494,2013-08-22,8:44:48 PM,41.874495,-87.7149216666667
495,2013-08-22,8:44:58 PM,41.8745066666667,-87.7159083333333
496,2013-08-22,8:45:08 PM,41.874515,-87.7168466666667
497,2013-08-22,8:45:18 PM,41.8745016666667,-87.7177316666667
498,2013-08-22,8:46:38 PM,41.87444,-87.72178
499,2013-08-22,8:46:48 PM,41.8744166666667,-87.72279
500,2013-08-22,8:46:58 PM,41.8743933333333,-87.7237666666667
501,2013-08-22,8:48:38 PM,41.8749816666667,-87.7278666666667
502,2013-08-22,8:48:48 PM,41.875545,-87.7279
503,2013-08-22,8:48:58 PM,41.8760583333333,-87.7279
504,2013-08-22,8:49:08 PM,41.87657,-87.7279416666667
505,2013-08-22,8:49:38 PM,41.8776633333333,-87.72802
506,2013-08-22,8:49:48 PM,41.878285,-87.7280366666667
507,2013-08-22,8:49:58 PM,41.8788966666667,-87.72806
508,2013-08-22,8:50:08 PM,41.8794616666667,-87.7280816666667
509,2013-08-22,8:50:18 PM,41.8799933333333,-87.7280966666667
510,2013-08-22,8:50:48 PM,41.8814683333333,-87.728145
511,2013-08-22,8:51:08 PM,41.882195,-87.728165
512,2013-08-22,8:51:18 PM,41.8827666666667,-87.7281916666667
513,2013-08-22,8:51:28 PM,41.8830966666667,-87.7282083333333
514,2013-08-22,8:51:38 PM,41.8836083333333,-87.7282433333333
515,2013-08-22,8:51:48 PM,41.8840933333333,-87.7282533333333
516,2013-08-22,8:51:58 PM,41.8846,-87.7282633333333
517,2013-08-22,8:52:08 PM,41.88518,-87.7282833333333
518,2013-08-22,8:52:48 PM,41.8852766666667,-87.7306366666667
519,2013-08-22,8:52:58 PM,41.8847783333333,-87.7306316666667
520,2013-08-22,8:53:08 PM,41.884225,-87.7306033333333
521,2013-08-22,8:53:18 PM,41.883725,-87.7306016666667
522,2013-08-22,8:53:28 PM,41.8833516666667,-87.730655
523,2013-08-22,8:53:38 PM,41.8828,-87.7305716666667
524,2013-08-22,8:53:48 PM,41.8823666666667,-87.7305783333333
525,2013-08-22,8:54:28 PM,41.8826066666667,-87.730595
526,2013-08-22,8:54:38 PM,41.88317,-87.7306083333333
527,2013-08-22,8:54:48 PM,41.8833466666667,-87.7300433333333
528,2013-08-22,8:54:58 PM,41.88335,-87.7292983333333
529,2013-08-22,8:55:08 PM,41.8833483333333,-87.7285866666667
530,2013-08-22,8:55:28 PM,41.8833683333333,-87.727135
531,2013-08-22,8:55:38 PM,41.8833716666667,-87.7262416666667
532,2013-08-22,8:56:28 PM,41.88207,-87.727895
533,2013-08-22,8:57:18 PM,41.8816683333333,-87.7306016666667
534,2013-08-22,8:57:28 PM,41.8809266666667,-87.730575
535,2013-08-22,8:57:38 PM,41.8801416666667,-87.730545
536,2013-08-22,8:57:48 PM,41.87949,-87.7305166666667
537,2013-08-22,8:57:58 PM,41.87896,-87.7305116666667
538,2013-08-22,8:58:08 PM,41.87836,-87.7305033333333
539,2013-08-22,8:58:18 PM,41.8778533333333,-87.7305033333333
540,2013-08-22,8:58:28 PM,41.8772966666667,-87.7304666666667
541,2013-08-22,8:59:08 PM,41.876855,-87.7304533333333
542,2013-08-22,8:59:18 PM,41.8762083333333,-87.7304333333333
543,2013-08-22,8:59:28 PM,41.8755816666667,-87.73042
544,2013-08-22,8:59:38 PM,41.8752716666667,-87.7301783333333
545,2013-08-22,8:59:48 PM,41.87527,-87.7296883333333
546,2013-08-22,8:59:58 PM,41.8752666666667,-87.72939
547,2013-08-22,9:00:08 PM,41.8752583333333,-87.7290233333333
548,2013-08-22,9:00:18 PM,41.8752683333333,-87.72845
549,2013-08-22,9:00:28 PM,41.8752666666667,-87.7278533333333
550,2013-08-22,9:00:38 PM,41.8752833333333,-87.7270866666667
551,2013-08-22,9:00:48 PM,41.875275,-87.72652
552,2013-08-22,9:00:58 PM,41.87528,-87.726225
553,2013-08-22,9:01:08 PM,41.8752883333333,-87.7258816666667
554,2013-08-22,9:01:18 PM,41.8752933333333,-87.725355
555,2013-08-22,9:01:28 PM,41.8752933333333,-87.7244333333333
556,2013-08-22,9:01:38 PM,41.8752966666667,-87.7236133333333
557,2013-08-22,9:01:48 PM,41.8753033333333,-87.722935
558,2013-08-22,9:01:58 PM,41.8753133333333,-87.7221366666667
559,2013-08-22,9:02:08 PM,41.8753216666667,-87.7213466666667
560,2013-08-22,9:03:18 PM,41.8746783333333,-87.7231883333333
561,2013-08-22,9:03:28 PM,41.8752916666667,-87.7232016666667
562,2013-08-22,9:03:38 PM,41.8758216666667,-87.7232083333333
563,2013-08-22,9:03:48 PM,41.87626,-87.7232183333333
564,2013-08-22,9:03:58 PM,41.8768183333333,-87.723215
565,2013-08-22,9:04:08 PM,41.8770566666667,-87.7232216666667
566,2013-08-22,9:04:18 PM,41.8775983333333,-87.72323
567,2013-08-22,9:04:28 PM,41.87795,-87.7232466666667
568,2013-08-22,9:04:38 PM,41.8785,-87.7232516666667
569,2013-08-22,9:04:48 PM,41.8790066666667,-87.7232633333333
570,2013-08-22,9:04:58 PM,41.8794416666667,-87.7232766666667
571,2013-08-22,9:05:08 PM,41.8797033333333,-87.7232883333333
572,2013-08-22,9:05:18 PM,41.8797666666667,-87.72391
573,2013-08-22,9:05:28 PM,41.8797566666667,-87.724475
574,2013-08-22,9:05:38 PM,41.87975,-87.7250583333333
575,2013-08-22,9:06:08 PM,41.8797533333333,-87.72601
576,2013-08-22,9:06:18 PM,41.879745,-87.7266816666667
577,2013-08-22,9:06:28 PM,41.8797566666667,-87.7272383333333
578,2013-08-22,9:06:38 PM,41.879755,-87.72793
579,2013-08-22,9:06:48 PM,41.879745,-87.7285883333333
580,2013-08-22,9:06:58 PM,41.87974,-87.7291916666667
581,2013-08-22,9:07:08 PM,41.8797383333333,-87.7298233333333
582,2013-08-22,9:07:18 PM,41.8796316666667,-87.7304216666667
583,2013-08-22,9:07:28 PM,41.878915,-87.7303883333333
584,2013-08-22,9:07:38 PM,41.8788516666667,-87.729715
585,2013-08-22,9:07:48 PM,41.87886,-87.7290616666667
586,2013-08-22,9:07:58 PM,41.8788566666667,-87.7284616666667
587,2013-08-22,9:08:08 PM,41.87886,-87.7279083333333
588,2013-08-22,9:08:18 PM,41.8788616666667,-87.7272083333333
589,2013-08-22,9:08:28 PM,41.8788616666667,-87.72664
590,2013-08-22,9:08:38 PM,41.8788666666667,-87.7261183333333
591,2013-08-22,9:08:58 PM,41.8788766666667,-87.7248616666667
592,2013-08-22,9:09:08 PM,41.878915,-87.7242166666667
593,2013-08-22,9:09:18 PM,41.8789183333333,-87.7236533333333
594,2013-08-22,9:09:38 PM,41.8789033333333,-87.7226233333333
595,2013-08-22,9:09:48 PM,41.87891,-87.721955
596,2013-08-22,9:09:58 PM,41.8789233333333,-87.7213033333333
597,2013-08-22,9:10:08 PM,41.8788683333333,-87.720975
598,2013-08-22,9:10:28 PM,41.8780433333333,-87.7214966666667
599,2013-08-22,9:10:38 PM,41.8780466666667,-87.7220733333333
600,2013-08-22,9:10:48 PM,41.878045,-87.722675
601,2013-08-22,9:10:58 PM,41.8780416666667,-87.7234016666667
602,2013-08-22,9:11:08 PM,41.8780416666667,-87.724105
603,2013-08-22,9:11:18 PM,41.87804,-87.724705
604,2013-08-22,9:11:28 PM,41.8780316666667,-87.72533
605,2013-08-22,9:12:28 PM,41.8780283333333,-87.72675
606,2013-08-22,9:12:38 PM,41.8780233333333,-87.7275783333333
607,2013-08-22,9:12:48 PM,41.8780266666667,-87.7282
608,2013-08-22,9:12:58 PM,41.8780166666667,-87.7289916666667
609,2013-08-22,9:13:08 PM,41.87801,-87.72992
610,2013-08-22,9:13:18 PM,41.8778816666667,-87.7304333333333
611,2013-08-22,9:13:28 PM,41.8771016666667,-87.7303983333333
612,2013-08-22,9:13:38 PM,41.87643,-87.73038
613,2013-08-22,9:13:48 PM,41.8758016666667,-87.7303616666667
614,2013-08-22,9:13:58 PM,41.8752316666667,-87.7303583333333
615,2013-08-22,9:14:08 PM,41.87478,-87.7303633333333
616,2013-08-22,9:14:18 PM,41.8744833333333,-87.730365
617,2013-08-22,9:14:28 PM,41.8738066666667,-87.7303333333333
618,2013-08-22,9:14:38 PM,41.8734866666667,-87.73004
619,2013-08-22,9:14:48 PM,41.873495,-87.7290266666667
620,2013-08-22,9:14:58 PM,41.8735016666667,-87.7279583333333
621,2013-08-22,9:15:08 PM,41.8735033333333,-87.7269683333333
622,2013-08-22,9:15:28 PM,41.87352,-87.7245816666667
623,2013-08-22,9:15:38 PM,41.8735266666667,-87.7235333333333
624,2013-08-22,9:15:48 PM,41.8735483333333,-87.722495
625,2013-08-22,9:17:18 PM,41.8737666666667,-87.7156916666667
626,2013-08-22,9:17:28 PM,41.8742166666667,-87.7157166666667
627,2013-08-22,9:17:38 PM,41.874485,-87.7158216666667
628,2013-08-22,9:17:48 PM,41.8745183333333,-87.71666
629,2013-08-22,9:17:58 PM,41.8748283333333,-87.7169616666667
630,2013-08-22,9:18:18 PM,41.8753366666667,-87.716985
631,2013-08-22,9:18:28 PM,41.8754966666667,-87.7164016666667
632,2013-08-22,9:19:08 PM,41.8754716666667,-87.7157783333333
633,2013-08-22,9:19:18 PM,41.8753933333333,-87.715115
634,2013-08-22,9:19:28 PM,41.8753916666667,-87.7144716666667
635,2013-08-22,9:19:58 PM,41.8754,-87.7140416666667
636,2013-08-22,9:20:08 PM,41.8754066666667,-87.7134916666667
637,2013-08-22,9:20:18 PM,41.875425,-87.7131
638,2013-08-22,9:20:28 PM,41.8757533333333,-87.71305
639,2013-08-22,9:20:38 PM,41.8763116666667,-87.71307
640,2013-08-22,9:20:48 PM,41.8762966666667,-87.7135633333333
641,2013-08-22,9:20:58 PM,41.8760433333333,-87.7144816666667
642,2013-08-22,9:21:08 PM,41.8758133333333,-87.7153083333333
643,2013-08-22,9:21:18 PM,41.8760733333333,-87.7157733333333
644,2013-08-22,9:21:28 PM,41.8769583333333,-87.7157766666667
645,2013-08-22,9:22:08 PM,41.876825,-87.7135616666667
646,2013-08-22,9:22:18 PM,41.8763566666667,-87.7134883333333
647,2013-08-22,9:22:28 PM,41.87654,-87.7126566666667
648,2013-08-22,9:22:38 PM,41.87682,-87.71174
649,2013-08-22,9:22:48 PM,41.8769216666667,-87.7109983333333
650,2013-08-22,9:22:58 PM,41.876215,-87.7109566666667
651,2013-08-22,9:23:08 PM,41.8755316666667,-87.71095
652,2013-08-22,9:23:18 PM,41.8754383333333,-87.7115716666667
653,2013-08-22,9:23:28 PM,41.8756,-87.7119366666667
654,2013-08-22,9:23:38 PM,41.876005,-87.7119516666667
655,2013-08-22,9:23:48 PM,41.8764716666667,-87.7119433333333
656,2013-08-22,9:23:58 PM,41.8766266666667,-87.7119133333333
657,2013-08-22,9:24:08 PM,41.8768483333333,-87.7112416666667
658,2013-08-22,9:24:48 PM,41.8781633333333,-87.7109483333333
659,2013-08-22,9:24:58 PM,41.8782483333333,-87.7116783333333
660,2013-08-22,9:25:08 PM,41.8782666666667,-87.71254
661,2013-08-22,9:25:18 PM,41.87828,-87.7133466666667
662,2013-08-22,9:25:28 PM,41.8783066666667,-87.7142416666667
663,2013-08-22,9:25:38 PM,41.8782983333333,-87.7151283333333
664,2013-08-22,9:25:48 PM,41.8783833333333,-87.7157383333333
665,2013-08-22,9:25:58 PM,41.8791116666667,-87.7157833333333
666,2013-08-22,9:26:08 PM,41.8795166666667,-87.71558
667,2013-08-22,9:26:18 PM,41.8795483333333,-87.714825
668,2013-08-22,9:26:28 PM,41.8795283333333,-87.7139333333333
669,2013-08-22,9:26:38 PM,41.8795466666667,-87.7130033333333
670,2013-08-22,9:26:48 PM,41.879565,-87.7120883333333
671,2013-08-22,9:26:58 PM,41.8795733333333,-87.7113766666667
672,2013-08-22,9:27:08 PM,41.8795766666667,-87.7108066666667
673,2013-08-22,9:27:18 PM,41.879615,-87.7102966666667
674,2013-08-22,9:27:28 PM,41.87964,-87.7097716666667
675,2013-08-22,9:27:38 PM,41.8796683333333,-87.70921
676,2013-08-22,9:27:48 PM,41.8794733333333,-87.709015
677,2013-08-22,9:28:08 PM,41.8789583333333,-87.7089966666667
678,2013-08-22,9:28:28 PM,41.8784466666667,-87.709015
679,2013-08-22,9:28:38 PM,41.878405,-87.7094533333333
680,2013-08-22,9:28:48 PM,41.8783966666667,-87.7099166666667
681,2013-08-22,9:28:58 PM,41.8783816666667,-87.7102816666667
682,2013-08-22,9:29:08 PM,41.8783766666667,-87.710625
683,2013-08-22,9:29:48 PM,41.8773983333333,-87.71101
684,2013-08-22,9:29:58 PM,41.8773216666667,-87.71171
685,2013-08-22,9:30:08 PM,41.87731,-87.7126983333333
686,2013-08-22,9:30:18 PM,41.8773433333333,-87.7134766666667
687,2013-08-22,9:30:28 PM,41.8778883333333,-87.7135216666667
688,2013-08-22,9:30:38 PM,41.8784783333333,-87.713575
689,2013-08-22,9:30:48 PM,41.8790116666667,-87.7136266666667
690,2013-08-22,9:30:58 PM,41.8795233333333,-87.71362
691,2013-08-22,9:31:08 PM,41.880065,-87.71362
692,2013-08-22,9:31:18 PM,41.8805666666667,-87.7136566666667
693,2013-08-22,9:31:28 PM,41.880835,-87.7132033333333
694,2013-08-22,9:31:48 PM,41.880765,-87.711115
695,2013-08-22,9:31:58 PM,41.8800566666667,-87.711085
696,2013-08-22,9:32:18 PM,41.8783983333333,-87.71101
697,2013-08-22,9:33:18 PM,41.8762266666667,-87.7106883333333
698,2013-08-22,9:33:28 PM,41.8762283333333,-87.7101983333333
699,2013-08-22,9:33:38 PM,41.8762266666667,-87.709815
700,2013-08-22,9:33:48 PM,41.8762266666667,-87.7093033333333
701,2013-08-22,9:33:58 PM,41.8762316666667,-87.7087283333333
702,2013-08-22,9:34:08 PM,41.8759133333333,-87.708535
703,2013-08-22,9:34:28 PM,41.875515,-87.70875
704,2013-08-22,9:34:38 PM,41.87551,-87.7092716666667
705,2013-08-22,9:34:48 PM,41.8755983333333,-87.709685
706,2013-08-22,9:34:58 PM,41.876075,-87.7096733333333
707,2013-08-22,9:35:08 PM,41.8764866666667,-87.709715
708,2013-08-22,9:35:18 PM,41.8770083333333,-87.709705
709,2013-08-22,9:35:38 PM,41.8772933333333,-87.710395
710,2013-08-22,9:35:48 PM,41.8770183333333,-87.7109266666667
711,2013-08-22,9:35:58 PM,41.8762366666667,-87.7108866666667
712,2013-08-22,9:36:08 PM,41.8756233333333,-87.7108983333333
713,2013-08-22,9:36:18 PM,41.875535,-87.71035
714,2013-08-22,9:36:28 PM,41.8754866666667,-87.7097916666667
715,2013-08-22,9:36:38 PM,41.8754983333333,-87.7091116666667
716,2013-08-22,9:36:48 PM,41.8754766666667,-87.7086616666667
717,2013-08-22,9:36:58 PM,41.8750716666667,-87.7085966666667
718,2013-08-22,9:37:28 PM,41.8746016666667,-87.709545
719,2013-08-22,9:37:38 PM,41.8745833333333,-87.7105066666667
720,2013-08-22,9:37:58 PM,41.8749816666667,-87.7108033333333
721,2013-08-22,9:38:08 PM,41.875735,-87.7108283333333
722,2013-08-22,9:38:18 PM,41.8764683333333,-87.7108633333333
723,2013-08-22,9:38:28 PM,41.8770833333333,-87.71087
724,2013-08-22,9:38:38 PM,41.8778333333333,-87.7109166666667
725,2013-08-22,9:38:48 PM,41.8786166666667,-87.7109166666667
726,2013-08-22,9:38:58 PM,41.8793683333333,-87.71094
727,2013-08-22,9:39:08 PM,41.8800683333333,-87.7109466666667
728,2013-08-22,9:40:08 PM,41.88181,-87.7098966666667
729,2013-08-22,9:40:18 PM,41.8818,-87.7089416666667
730,2013-08-22,9:40:28 PM,41.8817933333333,-87.7079316666667
731,2013-08-22,9:40:38 PM,41.8818583333333,-87.707005
732,2013-08-22,9:40:48 PM,41.88195,-87.7062766666667
733,2013-08-22,9:40:58 PM,41.88251,-87.706265
734,2013-08-22,9:41:38 PM,41.8827816666667,-87.7064283333333
735,2013-08-22,9:41:48 PM,41.882795,-87.7073216666667
736,2013-08-22,9:42:08 PM,41.8827316666667,-87.709425
737,2013-08-22,9:42:18 PM,41.8827216666667,-87.7104066666667
738,2013-08-22,9:42:28 PM,41.8826716666667,-87.7114266666667
739,2013-08-22,9:44:48 PM,41.8829066666667,-87.7209683333333
740,2013-08-22,9:44:58 PM,41.8829133333333,-87.721575
741,2013-08-22,9:45:08 PM,41.8829183333333,-87.7221466666667
742,2013-08-22,9:45:18 PM,41.8829316666667,-87.7226283333333
743,2013-08-22,9:45:28 PM,41.8829383333333,-87.723255
744,2013-08-22,9:45:38 PM,41.8829433333333,-87.724095
745,2013-08-22,9:45:48 PM,41.8829266666667,-87.7248283333333
746,2013-08-22,9:46:18 PM,41.88337,-87.7257016666667
747,2013-08-22,9:46:28 PM,41.8833516666667,-87.7264966666667
748,2013-08-22,9:46:38 PM,41.8833433333333,-87.7272366666667
749,2013-08-22,9:46:48 PM,41.88334,-87.72796
750,2013-08-22,9:46:58 PM,41.883835,-87.7280783333333
751,2013-08-22,9:47:08 PM,41.8842916666667,-87.7280833333333
752,2013-08-22,9:47:18 PM,41.884605,-87.7283316666667
753,2013-08-22,9:47:28 PM,41.8846083333333,-87.72902
754,2013-08-22,9:47:38 PM,41.8846033333333,-87.7298416666667
755,2013-08-22,9:47:48 PM,41.8845983333333,-87.73046
756,2013-08-22,9:47:58 PM,41.8841,-87.73055
757,2013-08-22,9:48:08 PM,41.8836433333333,-87.7305383333333
758,2013-08-22,9:48:18 PM,41.8833433333333,-87.7304716666667
759,2013-08-22,9:48:28 PM,41.88339,-87.7297766666667
760,2013-08-22,9:48:38 PM,41.883395,-87.7290866666667
761,2013-08-22,9:48:48 PM,41.8833933333333,-87.728365
762,2013-08-22,9:49:08 PM,41.884045,-87.7281683333333
763,2013-08-22,9:49:18 PM,41.8845083333333,-87.7281983333333
764,2013-08-22,9:49:28 PM,41.8851416666667,-87.728225
765,2013-08-22,9:49:38 PM,41.8855283333333,-87.728095
766,2013-08-22,9:49:48 PM,41.88544,-87.7272583333333
767,2013-08-22,9:50:38 PM,41.8839966666667,-87.725985
768,2013-08-22,9:50:48 PM,41.8840116666667,-87.7251466666667
769,2013-08-22,9:50:58 PM,41.8840283333333,-87.724355
770,2013-08-22,9:51:08 PM,41.8840333333333,-87.7238216666667
771,2013-08-22,9:51:18 PM,41.884255,-87.7236216666667
772,2013-08-22,9:51:28 PM,41.884535,-87.7236066666667
773,2013-08-22,9:51:38 PM,41.8849266666667,-87.7235966666667
774,2013-08-22,9:51:58 PM,41.8850366666667,-87.72272
775,2013-08-22,9:52:08 PM,41.8850083333333,-87.7218
776,2013-08-22,9:52:38 PM,41.8846383333333,-87.7211916666667
777,2013-08-22,9:52:48 PM,41.8839983333333,-87.7211633333333
778,2013-08-22,9:52:58 PM,41.8839416666667,-87.721725
779,2013-08-22,9:53:08 PM,41.8839466666667,-87.7223933333333
780,2013-08-22,9:53:18 PM,41.8839533333333,-87.7230866666667
781,2013-08-22,9:53:48 PM,41.8839733333333,-87.7228
782,2013-08-22,9:53:58 PM,41.8839566666667,-87.721945
783,2013-08-22,9:54:08 PM,41.8839683333333,-87.7212833333333
784,2013-08-22,9:54:18 PM,41.88397,-87.721135
785,2013-08-22,9:54:28 PM,41.8845416666667,-87.7210416666667
786,2013-08-22,9:54:38 PM,41.88531,-87.7210433333333
787,2013-08-22,9:54:48 PM,41.8860833333333,-87.721045
788,2013-08-22,9:54:58 PM,41.8866333333333,-87.7210633333333
789,2013-08-22,9:55:08 PM,41.8872916666667,-87.7210683333333
790,2013-08-22,9:55:48 PM,41.8904666666667,-87.7211633333333
791,2013-08-22,9:55:58 PM,41.89117,-87.72117
792,2013-08-22,9:56:08 PM,41.8914916666667,-87.7209016666667
793,2013-08-22,9:56:18 PM,41.891495,-87.7202
794,2013-08-22,9:56:28 PM,41.8915083333333,-87.7194016666667
795,2013-08-22,9:56:38 PM,41.8915416666667,-87.71875
796,2013-08-22,9:56:48 PM,41.8915583333333,-87.717915
797,2013-08-22,9:56:58 PM,41.89159,-87.71709
798,2013-08-22,9:57:18 PM,41.8916333333333,-87.7162266666667
799,2013-08-22,9:57:28 PM,41.8916466666667,-87.7155666666667
800,2013-08-22,9:57:38 PM,41.89171,-87.7147966666667
801,2013-08-22,9:57:48 PM,41.8917366666667,-87.7141833333333
802,2013-08-22,9:57:58 PM,41.89176,-87.7134416666667
803,2013-08-22,9:58:08 PM,41.8917766666667,-87.712835
804,2013-08-22,9:58:18 PM,41.891435,-87.7127083333333
805,2013-08-22,9:58:28 PM,41.89104,-87.7126916666667
806,2013-08-22,9:58:38 PM,41.8905983333333,-87.7126416666667
807,2013-08-22,9:58:48 PM,41.89034,-87.7128833333333
808,2013-08-22,9:58:58 PM,41.890335,-87.7135766666667
809,2013-08-22,9:59:08 PM,41.89031,-87.7144616666667
810,2013-08-22,9:59:18 PM,41.890275,-87.7153533333333
811,2013-08-22,9:59:28 PM,41.8902616666667,-87.7161183333333
812,2013-08-22,9:59:38 PM,41.890085,-87.7163516666667
813,2013-08-22,9:59:48 PM,41.8900033333333,-87.71548
814,2013-08-22,9:59:58 PM,41.8900116666667,-87.71446
815,2013-08-22,10:00:08 PM,41.890015,-87.7134583333333
816,2013-08-22,10:00:28 PM,41.8899166666667,-87.7113766666667
817,2013-08-22,10:00:38 PM,41.88981,-87.7106633333333
818,2013-08-22,10:00:48 PM,41.889825,-87.7098033333333
819,2013-08-22,10:00:58 PM,41.88985,-87.70893
820,2013-08-22,10:01:08 PM,41.8898683333333,-87.7079566666667
821,2013-08-22,10:01:18 PM,41.8898583333333,-87.7070166666667
822,2013-08-22,10:01:28 PM,41.8898716666667,-87.70629
823,2013-08-22,10:01:38 PM,41.88987,-87.70571
824,2013-08-22,10:01:48 PM,41.8898566666667,-87.7051516666667
825,2013-08-22,10:01:58 PM,41.88987,-87.7045666666667
826,2013-08-22,10:02:08 PM,41.889875,-87.7038716666667
827,2013-08-22,10:02:18 PM,41.8898633333333,-87.703405
828,2013-08-22,10:02:28 PM,41.89,-87.7030616666667
829,2013-08-22,10:02:38 PM,41.8903083333333,-87.7031966666667
830,2013-08-22,10:02:48 PM,41.8902916666667,-87.703695
831,2013-08-22,10:02:58 PM,41.8902516666667,-87.704335
832,2013-08-22,10:03:08 PM,41.8902383333333,-87.7049316666667
833,2013-08-22,10:03:18 PM,41.8902183333333,-87.70555
834,2013-08-22,10:03:28 PM,41.8902016666667,-87.7060316666667
835,2013-08-22,10:03:48 PM,41.8902183333333,-87.7064683333333
836,2013-08-22,10:07:28 PM,41.88352,-87.7109716666667
837,2013-08-22,10:07:38 PM,41.8835316666667,-87.7102516666667
838,2013-08-22,10:07:48 PM,41.8834933333333,-87.7097016666667
839,2013-08-22,10:07:58 PM,41.883555,-87.7090733333333
840,2013-08-22,10:08:08 PM,41.88357,-87.70837
841,2013-08-22,10:08:18 PM,41.8835833333333,-87.7077816666667
842,2013-08-22,10:08:28 PM,41.8835966666667,-87.7072666666667
843,2013-08-22,10:08:38 PM,41.8836416666667,-87.7065316666667
844,2013-08-22,10:08:48 PM,41.8838966666667,-87.7062966666667
845,2013-08-22,8:13:00 PM,41.714785,-87.604435
846,2013-08-22,8:13:10 PM,41.714785,-87.60402
847,2013-08-22,8:13:20 PM,41.7147933333333,-87.603495
848,2013-08-22,8:13:30 PM,41.714785,-87.603
849,2013-08-22,8:13:40 PM,41.7147966666667,-87.602435
850,2013-08-22,8:13:50 PM,41.71481,-87.60186
851,2013-08-22,8:14:00 PM,41.7148183333333,-87.6013533333333
852,2013-08-22,8:14:10 PM,41.7148266666667,-87.6009016666667
853,2013-08-22,8:14:20 PM,41.71483,-87.6004783333333
854,2013-08-22,8:14:30 PM,41.71483,-87.6000916666667
855,2013-08-22,8:14:40 PM,41.7148233333333,-87.5997216666667
856,2013-08-22,8:14:50 PM,41.71482,-87.5993016666667
857,2013-08-22,8:15:00 PM,41.7148316666667,-87.5988583333333
858,2013-08-22,8:15:10 PM,41.7148383333333,-87.5983983333333
859,2013-08-22,8:15:20 PM,41.7148533333333,-87.5979366666667
860,2013-08-22,8:15:30 PM,41.7148666666667,-87.5975
861,2013-08-22,8:15:40 PM,41.7148716666667,-87.59705
862,2013-08-22,8:16:00 PM,41.7148933333333,-87.59639
863,2013-08-22,8:16:40 PM,41.7149283333333,-87.5952983333333
864,2013-08-22,8:16:50 PM,41.7149516666667,-87.5945316666667
865,2013-08-22,8:17:00 PM,41.7149633333333,-87.5938633333333
866,2013-08-22,8:17:10 PM,41.71496,-87.59363
867,2013-08-22,8:17:50 PM,41.715105,-87.594665
868,2013-08-22,8:18:00 PM,41.71557,-87.5946766666667
869,2013-08-22,8:18:10 PM,41.7160416666667,-87.594695
870,2013-08-22,8:18:20 PM,41.7165716666667,-87.5946966666667
871,2013-08-22,8:18:30 PM,41.71672,-87.5943433333333
872,2013-08-22,8:18:40 PM,41.7167166666667,-87.5936833333333
873,2013-08-22,8:19:20 PM,41.7167316666667,-87.59269
874,2013-08-22,8:20:00 PM,41.716735,-87.59432
875,2013-08-22,8:20:10 PM,41.7167283333333,-87.59491
876,2013-08-22,8:20:20 PM,41.7167066666667,-87.5957133333333
877,2013-08-22,8:20:30 PM,41.7167016666667,-87.5965533333333
878,2013-08-22,8:20:40 PM,41.7166883333333,-87.5971166666667
879,2013-08-22,8:20:50 PM,41.7166866666667,-87.5980116666667
880,2013-08-22,8:21:00 PM,41.7166683333333,-87.5988083333333
881,2013-08-22,8:21:10 PM,41.71665,-87.5994866666667
882,2013-08-22,8:21:20 PM,41.7166366666667,-87.6003316666667
883,2013-08-22,8:21:30 PM,41.7167683333333,-87.6006133333333
884,2013-08-22,8:21:40 PM,41.7171316666667,-87.6006133333333
885,2013-08-22,8:21:50 PM,41.717575,-87.6006516666667
886,2013-08-22,8:22:00 PM,41.717925,-87.6005233333333
887,2013-08-22,8:22:10 PM,41.7183666666667,-87.60009
888,2013-08-22,8:22:20 PM,41.71856,-87.5992066666667
889,2013-08-22,8:22:30 PM,41.718555,-87.5984016666667
890,2013-08-22,8:22:40 PM,41.7185666666667,-87.5975816666667
891,2013-08-22,8:22:50 PM,41.71859,-87.5967816666667
892,2013-08-22,8:23:00 PM,41.7186183333333,-87.59601
893,2013-08-22,8:23:10 PM,41.71864,-87.5952083333333
894,2013-08-22,8:23:20 PM,41.71869,-87.5947433333333
895,2013-08-22,8:23:50 PM,41.718875,-87.5943566666667
896,2013-08-22,8:24:00 PM,41.71891,-87.59371
897,2013-08-22,8:24:10 PM,41.7186883333333,-87.5937833333333
898,2013-08-22,8:24:20 PM,41.7186833333333,-87.5945483333333
899,2013-08-22,8:24:30 PM,41.719025,-87.5947833333333
900,2013-08-22,8:24:40 PM,41.7195383333333,-87.5948116666667
901,2013-08-22,8:24:50 PM,41.7199966666667,-87.5948366666667
902,2013-08-22,8:25:00 PM,41.720285,-87.594865
903,2013-08-22,8:25:10 PM,41.72071,-87.59489
904,2013-08-22,8:25:20 PM,41.7211616666667,-87.5949016666667
905,2013-08-22,8:25:30 PM,41.7216333333333,-87.5948983333333
906,2013-08-22,8:26:00 PM,41.7224566666667,-87.5948833333333
907,2013-08-22,8:26:20 PM,41.7239966666667,-87.5949366666667
908,2013-08-22,8:26:40 PM,41.72416,-87.5942583333333
909,2013-08-22,8:26:50 PM,41.7241716666667,-87.5935933333333
910,2013-08-22,8:27:00 PM,41.7241833333333,-87.592775
911,2013-08-22,8:27:10 PM,41.7241716666667,-87.5920016666667
912,2013-08-22,8:27:20 PM,41.7241966666667,-87.5912416666667
913,2013-08-22,8:27:30 PM,41.7243866666667,-87.590975
914,2013-08-22,8:27:40 PM,41.7249383333333,-87.5913066666667
915,2013-08-22,8:27:50 PM,41.725535,-87.591655
916,2013-08-22,8:28:00 PM,41.7259516666667,-87.5921366666667
917,2013-08-22,8:28:10 PM,41.72619,-87.592565
918,2013-08-22,8:28:20 PM,41.726715,-87.5925683333333
919,2013-08-22,8:28:30 PM,41.72734,-87.5925616666667
920,2013-08-22,8:28:40 PM,41.7277466666667,-87.59282
921,2013-08-22,8:28:50 PM,41.7277283333333,-87.593625
922,2013-08-22,8:29:00 PM,41.7273733333333,-87.5937466666667
923,2013-08-22,8:29:10 PM,41.726855,-87.59374
924,2013-08-22,8:29:20 PM,41.7262183333333,-87.5937116666667
925,2013-08-22,8:29:30 PM,41.7258833333333,-87.59371
926,2013-08-22,8:29:40 PM,41.72532,-87.5936916666667
927,2013-08-22,8:29:50 PM,41.72484,-87.59366
928,2013-08-22,8:30:00 PM,41.7243283333333,-87.59364
929,2013-08-22,8:30:40 PM,41.7242216666667,-87.590885
930,2013-08-22,8:30:50 PM,41.7241666666667,-87.5901416666667
931,2013-08-22,8:31:00 PM,41.723625,-87.5896483333333
932,2013-08-22,8:31:10 PM,41.7234483333333,-87.5887266666667
933,2013-08-22,8:31:20 PM,41.7234533333333,-87.58787
934,2013-08-22,8:31:30 PM,41.723795,-87.5874433333333
935,2013-08-22,8:31:40 PM,41.7242016666667,-87.5870116666667
936,2013-08-22,8:31:50 PM,41.724485,-87.5867266666667
937,2013-08-22,8:32:00 PM,41.7249166666667,-87.586755
938,2013-08-22,8:32:10 PM,41.7254483333333,-87.586775
939,2013-08-22,8:32:20 PM,41.725925,-87.5867866666667
940,2013-08-22,8:32:30 PM,41.7264716666667,-87.5867916666667
941,2013-08-22,8:32:40 PM,41.7270566666667,-87.5868016666667
942,2013-08-22,8:32:50 PM,41.72765,-87.5868116666667
943,2013-08-22,8:33:00 PM,41.7277816666667,-87.587375
944,2013-08-22,8:33:10 PM,41.7277483333333,-87.58812
945,2013-08-22,8:33:20 PM,41.7277266666667,-87.5888433333333
946,2013-08-22,8:33:30 PM,41.7281016666667,-87.5892083333333
947,2013-08-22,8:33:40 PM,41.72856,-87.589245
948,2013-08-22,8:33:50 PM,41.7290283333333,-87.5892616666667
949,2013-08-22,8:34:00 PM,41.72949,-87.5892633333333
950,2013-08-22,8:34:10 PM,41.7300266666667,-87.589295
951,2013-08-22,8:34:20 PM,41.7305166666667,-87.5893183333333
952,2013-08-22,8:34:30 PM,41.7310466666667,-87.5893183333333
953,2013-08-22,8:34:40 PM,41.7316033333333,-87.5893383333333
954,2013-08-22,8:34:50 PM,41.7321266666667,-87.5893433333333
955,2013-08-22,8:35:00 PM,41.73266,-87.58935
956,2013-08-22,8:35:10 PM,41.7332766666667,-87.5893566666667
957,2013-08-22,8:35:20 PM,41.733905,-87.5893716666667
958,2013-08-22,8:35:30 PM,41.7345233333333,-87.5894116666667
959,2013-08-22,8:35:40 PM,41.7350466666667,-87.5894233333333
960,2013-08-22,8:35:50 PM,41.7354716666667,-87.589435
961,2013-08-22,8:36:00 PM,41.7361,-87.5894316666667
962,2013-08-22,8:37:20 PM,41.73704,-87.5935633333333
963,2013-08-22,8:37:30 PM,41.73768,-87.5935666666667
964,2013-08-22,8:37:40 PM,41.7383066666667,-87.5933716666667
965,2013-08-22,8:37:50 PM,41.7388533333333,-87.5929933333333
966,2013-08-22,8:38:00 PM,41.7393866666667,-87.5925983333333
967,2013-08-22,8:38:10 PM,41.7399233333333,-87.5921916666667
968,2013-08-22,8:38:20 PM,41.7404883333333,-87.5917616666667
969,2013-08-22,8:38:30 PM,41.7411366666667,-87.5914916666667
970,2013-08-22,8:38:40 PM,41.7418533333333,-87.59149
971,2013-08-22,8:38:50 PM,41.7425533333333,-87.59151
972,2013-08-22,8:39:00 PM,41.74324,-87.5915983333333
973,2013-08-22,8:39:10 PM,41.7438,-87.5916866666667
974,2013-08-22,8:39:40 PM,41.743725,-87.5904983333333
975,2013-08-22,8:39:50 PM,41.7431666666667,-87.5904833333333
976,2013-08-22,8:40:00 PM,41.74252,-87.5904616666667
977,2013-08-22,8:40:10 PM,41.74192,-87.5904483333333
978,2013-08-22,8:40:20 PM,41.74141,-87.59043
979,2013-08-22,8:40:30 PM,41.7409183333333,-87.5904166666667
980,2013-08-22,8:40:40 PM,41.7404433333333,-87.5903916666667
981,2013-08-22,8:40:50 PM,41.73986,-87.5903916666667
982,2013-08-22,8:41:00 PM,41.739235,-87.5903683333333
983,2013-08-22,8:41:10 PM,41.738605,-87.5903533333333
984,2013-08-22,8:41:20 PM,41.7379416666667,-87.5903383333333
985,2013-08-22,8:41:30 PM,41.7372866666667,-87.5903233333333
986,2013-08-22,8:42:20 PM,41.7365883333333,-87.593025
987,2013-08-22,8:42:30 PM,41.7360033333333,-87.5930066666667
988,2013-08-22,8:42:40 PM,41.7354116666667,-87.5929933333333
989,2013-08-22,8:42:50 PM,41.7351333333333,-87.59267
990,2013-08-22,8:43:00 PM,41.7351216666667,-87.5919983333333
991,2013-08-22,8:43:10 PM,41.73528,-87.5917733333333
992,2013-08-22,8:43:20 PM,41.73579,-87.5918083333333
993,2013-08-22,8:43:30 PM,41.73629,-87.5918366666667
994,2013-08-22,8:45:10 PM,41.7361816666667,-87.5975566666667
995,2013-08-22,8:45:20 PM,41.7356116666667,-87.5975433333333
996,2013-08-22,8:45:30 PM,41.7350983333333,-87.59752
997,2013-08-22,8:45:40 PM,41.7345266666667,-87.5975
998,2013-08-22,8:45:50 PM,41.7338733333333,-87.5974983333333
999,2013-08-22,8:46:00 PM,41.7331883333333,-87.5974766666667
1000,2013-08-22,8:46:10 PM,41.73264,-87.597475
1001,2013-08-22,8:46:20 PM,41.7321333333333,-87.5974566666667
1002,2013-08-22,8:46:30 PM,41.7315983333333,-87.597445
1003,2013-08-22,8:46:40 PM,41.7311233333333,-87.5974116666667
1004,2013-08-22,8:46:50 PM,41.7305016666667,-87.597395
1005,2013-08-22,8:47:00 PM,41.729855,-87.5973966666667
1006,2013-08-22,8:47:10 PM,41.72925,-87.5973716666667
1007,2013-08-22,8:47:20 PM,41.7286533333333,-87.5973516666667
1008,2013-08-22,8:47:30 PM,41.7281783333333,-87.5973433333333
1009,2013-08-22,8:47:40 PM,41.7275833333333,-87.59733
1010,2013-08-22,8:47:50 PM,41.72693,-87.5973133333333
1011,2013-08-22,8:48:00 PM,41.726285,-87.5973016666667
1012,2013-08-22,8:48:10 PM,41.7257733333333,-87.5973116666667
1013,2013-08-22,8:48:20 PM,41.725245,-87.5973
1014,2013-08-22,8:48:30 PM,41.7246816666667,-87.5972916666667
1015,2013-08-22,8:48:40 PM,41.7241666666667,-87.5972183333333
1016,2013-08-22,8:48:50 PM,41.7241516666667,-87.596585
1017,2013-08-22,8:49:00 PM,41.7241616666667,-87.5957666666667
1018,2013-08-22,8:49:10 PM,41.72416,-87.594995
1019,2013-08-22,8:49:20 PM,41.72472,-87.5948666666667
1020,2013-08-22,8:49:40 PM,41.72617,-87.5948883333333
1021,2013-08-22,8:49:50 PM,41.7266816666667,-87.5949166666667
1022,2013-08-22,8:50:00 PM,41.7271483333333,-87.5949233333333
1023,2013-08-22,8:50:10 PM,41.7276766666667,-87.5949383333333
1024,2013-08-22,8:50:20 PM,41.72823,-87.5949666666667
1025,2013-08-22,8:50:30 PM,41.728855,-87.59499
1026,2013-08-22,8:50:40 PM,41.7294083333333,-87.595005
1027,2013-08-22,8:50:50 PM,41.7295383333333,-87.5945966666667
1028,2013-08-22,8:51:00 PM,41.7294566666667,-87.5937966666667
1029,2013-08-22,8:51:10 PM,41.7289216666667,-87.5937616666667
1030,2013-08-22,8:51:30 PM,41.7280416666667,-87.5937583333333
1031,2013-08-22,8:51:40 PM,41.72745,-87.5937683333333
1032,2013-08-22,8:51:50 PM,41.726915,-87.5937383333333
1033,2013-08-22,8:52:00 PM,41.72632,-87.5937383333333
1034,2013-08-22,8:52:10 PM,41.725955,-87.5937883333333
1035,2013-08-22,8:53:20 PM,41.72636,-87.59971
1036,2013-08-22,8:53:30 PM,41.72696,-87.5997433333333
1037,2013-08-22,8:53:40 PM,41.7275966666667,-87.5997566666667
1038,2013-08-22,8:53:50 PM,41.7281966666667,-87.5997766666667
1039,2013-08-22,8:54:00 PM,41.7287933333333,-87.5998
1040,2013-08-22,8:54:10 PM,41.7293133333333,-87.59982
1041,2013-08-22,8:54:20 PM,41.7294066666667,-87.6003683333333
1042,2013-08-22,8:54:30 PM,41.7294333333333,-87.6009816666667
1043,2013-08-22,8:54:40 PM,41.72982,-87.6010266666667
1044,2013-08-22,8:54:50 PM,41.7303433333333,-87.6010216666667
1045,2013-08-22,8:55:00 PM,41.7308583333333,-87.6008816666667
1046,2013-08-22,8:55:10 PM,41.7312183333333,-87.600495
1047,2013-08-22,8:55:20 PM,41.73122,-87.599695
1048,2013-08-22,8:55:30 PM,41.73123,-87.5988883333333
1049,2013-08-22,8:55:40 PM,41.73124,-87.5980883333333
1050,2013-08-22,8:55:50 PM,41.7312433333333,-87.5975
1051,2013-08-22,8:56:00 PM,41.7312516666667,-87.5966966666667
1052,2013-08-22,8:56:10 PM,41.73127,-87.5958416666667
1053,2013-08-22,8:56:20 PM,41.7312683333333,-87.59531
1054,2013-08-22,8:56:40 PM,41.7313566666667,-87.595135
1055,2013-08-22,8:56:50 PM,41.7319816666667,-87.595135
1056,2013-08-22,8:57:00 PM,41.7326266666667,-87.5951633333333
1057,2013-08-22,8:57:10 PM,41.7330916666667,-87.595395
1058,2013-08-22,8:57:20 PM,41.7330683333333,-87.5960783333333
1059,2013-08-22,8:57:30 PM,41.7330516666667,-87.5969133333333
1060,2013-08-22,8:57:40 PM,41.7330783333333,-87.5975283333333
1061,2013-08-22,8:57:50 PM,41.733705,-87.5975566666667
1062,2013-08-22,8:58:00 PM,41.7344,-87.5975683333333
1063,2013-08-22,8:58:10 PM,41.735085,-87.5975766666667
1064,2013-08-22,8:59:30 PM,41.736885,-87.6010533333333
1065,2013-08-22,8:59:40 PM,41.7374783333333,-87.6010933333333
1066,2013-08-22,8:59:50 PM,41.738085,-87.60114
1067,2013-08-22,9:00:00 PM,41.7386766666667,-87.6011616666667
1068,2013-08-22,9:00:10 PM,41.73922,-87.6011983333333
1069,2013-08-22,9:00:20 PM,41.7397516666667,-87.6012283333333
1070,2013-08-22,9:00:30 PM,41.7403066666667,-87.6012566666667
1071,2013-08-22,9:00:40 PM,41.7408116666667,-87.6012716666667
1072,2013-08-22,9:00:50 PM,41.7412516666667,-87.6012933333333
1073,2013-08-22,9:01:00 PM,41.74173,-87.60135
1074,2013-08-22,9:01:10 PM,41.74214,-87.601375
1075,2013-08-22,9:01:20 PM,41.7426816666667,-87.6014366666667
1076,2013-08-22,9:01:30 PM,41.7432566666667,-87.6014466666667
1077,2013-08-22,9:01:40 PM,41.7437133333333,-87.601445
1078,2013-08-22,9:02:00 PM,41.7439,-87.6018133333333
1079,2013-08-22,9:02:10 PM,41.7438966666667,-87.6024266666667
1080,2013-08-22,9:02:20 PM,41.7437116666667,-87.60263
1081,2013-08-22,9:02:30 PM,41.7432866666667,-87.6026033333333
1082,2013-08-22,9:02:40 PM,41.742755,-87.6025733333333
1083,2013-08-22,9:02:50 PM,41.7422916666667,-87.6025483333333
1084,2013-08-22,9:03:00 PM,41.7417,-87.60253
1085,2013-08-22,9:03:10 PM,41.7410916666667,-87.6024983333333
1086,2013-08-22,9:03:20 PM,41.74047,-87.6024983333333
1087,2013-08-22,9:03:30 PM,41.739825,-87.6024566666667
1088,2013-08-22,9:03:40 PM,41.7392316666667,-87.6024283333333
1089,2013-08-22,9:03:50 PM,41.7386883333333,-87.6024166666667
1090,2013-08-22,9:04:00 PM,41.7380366666667,-87.60239
1091,2013-08-22,9:04:10 PM,41.7374166666667,-87.6023816666667
1092,2013-08-22,9:04:40 PM,41.7368916666667,-87.6036
1093,2013-08-22,9:04:50 PM,41.7373866666667,-87.6036083333333
1094,2013-08-22,9:05:00 PM,41.7378383333333,-87.6036333333333
1095,2013-08-22,9:05:10 PM,41.7382983333333,-87.6036566666667
1096,2013-08-22,9:05:20 PM,41.7387416666667,-87.6036733333333
1097,2013-08-22,9:05:30 PM,41.7393433333333,-87.6036933333333
1098,2013-08-22,9:05:40 PM,41.73996,-87.60373
1099,2013-08-22,9:05:50 PM,41.740315,-87.6037566666667
1100,2013-08-22,9:06:00 PM,41.7409333333333,-87.6037883333333
1101,2013-08-22,9:06:10 PM,41.7415933333333,-87.6038116666667
1102,2013-08-22,9:06:20 PM,41.7421916666667,-87.6038216666667
1103,2013-08-22,9:06:30 PM,41.742855,-87.6038483333333
1104,2013-08-22,9:06:40 PM,41.743525,-87.6038633333333
1105,2013-08-22,9:12:10 PM,41.725735,-87.6034883333333
1106,2013-08-22,9:12:20 PM,41.72599,-87.60337
1107,2013-08-22,9:12:30 PM,41.7264183333333,-87.6032583333333
1108,2013-08-22,9:12:40 PM,41.72692,-87.603145
1109,2013-08-22,9:12:50 PM,41.7274766666667,-87.6030533333333
1110,2013-08-22,9:13:00 PM,41.7277166666667,-87.6033166666667
1111,2013-08-22,9:13:10 PM,41.7281016666667,-87.6032216666667
1112,2013-08-22,9:13:20 PM,41.7286033333333,-87.6031116666667
1113,2013-08-22,9:13:30 PM,41.729125,-87.6029966666667
1114,2013-08-22,9:13:40 PM,41.7296666666667,-87.6028683333333
1115,2013-08-22,9:13:50 PM,41.7302666666667,-87.60274
1116,2013-08-22,9:14:00 PM,41.7308566666667,-87.6025916666667
1117,2013-08-22,9:14:10 PM,41.73144,-87.6024483333333
1118,2013-08-22,9:14:20 PM,41.731985,-87.6022933333333
1119,2013-08-22,9:14:30 PM,41.7324666666667,-87.60218
1120,2013-08-22,9:14:40 PM,41.7330466666667,-87.6020433333333
1121,2013-08-22,9:14:50 PM,41.7337016666667,-87.6018966666667
1122,2013-08-22,9:15:00 PM,41.734355,-87.601745
1123,2013-08-22,9:15:10 PM,41.7349816666667,-87.6016133333333
1124,2013-08-22,9:15:20 PM,41.7355633333333,-87.6014833333333
1125,2013-08-22,9:15:30 PM,41.7361233333333,-87.6013466666667
1126,2013-08-22,9:17:50 PM,41.7369983333333,-87.5914016666667
1127,2013-08-22,9:19:00 PM,41.737235,-87.59143
1128,2013-08-22,9:19:10 PM,41.7376766666667,-87.5914416666667
1129,2013-08-22,9:19:20 PM,41.7381983333333,-87.591455
1130,2013-08-22,9:19:30 PM,41.73872,-87.5914583333333
1131,2013-08-22,9:19:40 PM,41.7392716666667,-87.5914766666667
1132,2013-08-22,9:19:50 PM,41.7397983333333,-87.5918683333333
1133,2013-08-22,9:20:00 PM,41.7401816666667,-87.59201
1134,2013-08-22,9:32:06 PM,41.7445383333333,-87.6099133333333
1135,2013-08-22,9:32:16 PM,41.7450383333333,-87.6099483333333
1136,2013-08-22,9:32:26 PM,41.7455983333333,-87.6099766666667
1137,2013-08-22,9:32:36 PM,41.746195,-87.6099833333333
1138,2013-08-22,9:32:46 PM,41.746765,-87.6100116666667
1139,2013-08-22,9:32:56 PM,41.7472966666667,-87.6100233333333
1140,2013-08-22,9:33:06 PM,41.74791,-87.61005
1141,2013-08-22,9:33:16 PM,41.748575,-87.6100483333333
1142,2013-08-22,9:33:26 PM,41.74924,-87.610065
1143,2013-08-22,9:33:36 PM,41.7499033333333,-87.61008
1144,2013-08-22,9:33:46 PM,41.7505716666667,-87.6100966666667
1145,2013-08-22,9:33:56 PM,41.751025,-87.6101016666667
1146,2013-08-22,9:34:06 PM,41.7517366666667,-87.6101316666667
1147,2013-08-22,9:34:16 PM,41.7524266666667,-87.61014
1148,2013-08-22,9:34:26 PM,41.7530933333333,-87.6101516666667
1149,2013-08-22,9:34:36 PM,41.753745,-87.6101716666667
1150,2013-08-22,9:34:46 PM,41.7544183333333,-87.6102
1151,2013-08-22,9:34:56 PM,41.755095,-87.6102016666667
1152,2013-08-22,9:35:06 PM,41.7558033333333,-87.6102133333333
1153,2013-08-22,9:35:16 PM,41.7565183333333,-87.6102283333333
1154,2013-08-22,9:35:26 PM,41.757195,-87.6102466666667
1155,2013-08-22,9:35:36 PM,41.7578483333333,-87.6102616666667
1156,2013-08-22,9:36:06 PM,41.75832,-87.6102533333333
1157,2013-08-22,9:36:16 PM,41.7590733333333,-87.61025
1158,2013-08-22,9:36:26 PM,41.759815,-87.6102766666667
1159,2013-08-22,9:36:36 PM,41.7601566666667,-87.61077
1160,2013-08-22,9:36:46 PM,41.7601333333333,-87.61168
1161,2013-08-22,9:36:56 PM,41.7601683333333,-87.61264
1162,2013-08-22,9:37:06 PM,41.7601583333333,-87.6136516666667
1163,2013-08-22,9:37:16 PM,41.7601516666667,-87.6145716666667
1164,2013-08-22,9:37:26 PM,41.76017,-87.6154683333333
1165,2013-08-22,9:37:36 PM,41.7601716666667,-87.6164366666667
1166,2013-08-22,9:37:46 PM,41.7601666666667,-87.6173983333333
1167,2013-08-22,9:37:56 PM,41.7602266666667,-87.6182866666667
1168,2013-08-22,9:38:06 PM,41.7609766666667,-87.6182933333333
1169,2013-08-22,9:43:06 PM,41.7639716666667,-87.6185133333333
1170,2013-08-22,9:43:16 PM,41.76462,-87.618525
1171,2013-08-22,9:43:26 PM,41.7652766666667,-87.6185266666667
1172,2013-08-22,9:44:16 PM,41.7639083333333,-87.6169166666667
1173,2013-08-22,9:46:16 PM,41.75992,-87.6167916666667
1174,2013-08-22,9:46:26 PM,41.7592516666667,-87.6167666666667
1175,2013-08-22,9:46:36 PM,41.7586183333333,-87.6167633333333
1176,2013-08-22,9:46:56 PM,41.7584783333333,-87.618305
1177,2013-08-22,9:47:06 PM,41.759135,-87.618355
1178,2013-08-22,9:47:16 PM,41.75984,-87.6183833333333
1179,2013-08-22,9:47:26 PM,41.7604883333333,-87.618405
1180,2013-08-22,9:47:36 PM,41.7611983333333,-87.6184183333333
1181,2013-08-22,9:47:46 PM,41.7618366666667,-87.6184416666667
1182,2013-08-22,9:47:56 PM,41.7625133333333,-87.61847
1183,2013-08-22,9:48:06 PM,41.7632183333333,-87.618505
1184,2013-08-22,9:48:16 PM,41.7637333333333,-87.61862
1185,2013-08-22,9:48:26 PM,41.7637083333333,-87.6194766666667
1186,2013-08-22,9:48:36 PM,41.763525,-87.6200516666667
1187,2013-08-22,9:48:46 PM,41.76286,-87.6200266666667
1188,2013-08-22,9:48:56 PM,41.76228,-87.619965
1189,2013-08-22,9:49:06 PM,41.76161,-87.6199466666667
1190,2013-08-22,9:49:16 PM,41.760885,-87.619935
1191,2013-08-22,9:49:26 PM,41.76026,-87.6200266666667
1192,2013-08-22,9:49:36 PM,41.7602416666667,-87.620855
1193,2013-08-22,9:49:46 PM,41.7602233333333,-87.6217183333333
1194,2013-08-22,9:49:56 PM,41.760125,-87.6227
1195,2013-08-22,9:50:06 PM,41.7598633333333,-87.6231416666667
1196,2013-08-22,9:50:16 PM,41.7591216666667,-87.623135
1197,2013-08-22,9:50:26 PM,41.7585133333333,-87.6231333333333
1198,2013-08-22,9:50:36 PM,41.7581066666667,-87.6231166666667
1199,2013-08-22,9:50:46 PM,41.7574283333333,-87.6230883333333
1200,2013-08-22,9:50:56 PM,41.7567616666667,-87.6230633333333
1201,2013-08-22,9:51:06 PM,41.7562183333333,-87.6230466666667
1202,2013-08-22,9:51:16 PM,41.755515,-87.623025
1203,2013-08-22,9:51:26 PM,41.7548716666667,-87.6230116666667
1204,2013-08-22,9:51:36 PM,41.75461,-87.6230116666667
1205,2013-08-22,9:51:46 PM,41.7543566666667,-87.62301
1206,2013-08-22,9:51:56 PM,41.7540816666667,-87.622995
1207,2013-08-22,9:52:06 PM,41.753825,-87.6230016666667
1208,2013-08-22,9:52:36 PM,41.7531383333333,-87.622995
1209,2013-08-22,9:52:46 PM,41.7527083333333,-87.6229883333333
1210,2013-08-22,9:52:56 PM,41.7520783333333,-87.62298
1211,2013-08-22,9:53:06 PM,41.7515166666667,-87.62296
1212,2013-08-22,9:53:16 PM,41.7511016666667,-87.62295
1213,2013-08-22,9:53:26 PM,41.750425,-87.6229383333333
1214,2013-08-22,9:53:36 PM,41.74979,-87.6229316666667
1215,2013-08-22,9:53:46 PM,41.7491083333333,-87.6229566666667
1216,2013-08-22,9:53:56 PM,41.7484166666667,-87.6229416666667
1217,2013-08-22,9:54:06 PM,41.747695,-87.6229366666667
1218,2013-08-22,9:54:16 PM,41.7469316666667,-87.6229316666667
1219,2013-08-22,9:54:26 PM,41.7462216666667,-87.622895
1220,2013-08-22,9:54:36 PM,41.745505,-87.6228733333333
1221,2013-08-22,9:54:46 PM,41.7447716666667,-87.622845
1222,2013-08-22,9:54:56 PM,41.744135,-87.62284
1223,2013-08-22,9:55:06 PM,41.7437033333333,-87.62282
1224,2013-08-22,9:55:16 PM,41.74304,-87.6228016666667
1225,2013-08-22,9:55:26 PM,41.7423533333333,-87.622765
1226,2013-08-22,9:55:36 PM,41.74161,-87.6227416666667
1227,2013-08-22,9:55:46 PM,41.7408816666667,-87.622705
1228,2013-08-22,9:55:56 PM,41.7401416666667,-87.62269
1229,2013-08-22,9:56:06 PM,41.7394333333333,-87.622665
1230,2013-08-22,9:56:16 PM,41.738715,-87.6226433333333
1231,2013-08-22,9:56:26 PM,41.7383966666667,-87.6222133333333
1232,2013-08-22,9:56:36 PM,41.7383966666667,-87.6212516666667
1233,2013-08-22,9:56:46 PM,41.7388883333333,-87.6210533333333
1234,2013-08-22,9:56:56 PM,41.7395916666667,-87.621085
1235,2013-08-22,9:57:06 PM,41.74027,-87.6211066666667
1236,2013-08-22,9:57:16 PM,41.7409766666667,-87.6211366666667
1237,2013-08-22,9:57:26 PM,41.7416833333333,-87.6211633333333
1238,2013-08-22,9:57:36 PM,41.7424033333333,-87.6212
1239,2013-08-22,9:57:46 PM,41.7430716666667,-87.62124
1240,2013-08-22,9:57:56 PM,41.7436116666667,-87.6212333333333
1241,2013-08-22,9:58:36 PM,41.7434283333333,-87.6196166666667
1242,2013-08-22,9:58:46 PM,41.7428116666667,-87.6196033333333
1243,2013-08-22,9:58:56 PM,41.7421666666667,-87.6195783333333
1244,2013-08-22,9:59:06 PM,41.74151,-87.6195616666667
1245,2013-08-22,9:59:16 PM,41.7408166666667,-87.6195333333333
1246,2013-08-22,9:59:26 PM,41.7401133333333,-87.6195316666667
1247,2013-08-22,9:59:36 PM,41.7394366666667,-87.6195016666667
1248,2013-08-22,9:59:46 PM,41.7388216666667,-87.61948
1249,2013-08-22,9:59:56 PM,41.7383116666667,-87.61937
1250,2013-08-22,10:00:06 PM,41.73832,-87.61857
1251,2013-08-22,10:00:16 PM,41.7384233333333,-87.617875
1252,2013-08-22,10:00:26 PM,41.7390733333333,-87.6179033333333
1253,2013-08-22,10:00:36 PM,41.739735,-87.6179116666667
1254,2013-08-22,10:00:46 PM,41.7404266666667,-87.61793
1255,2013-08-22,10:00:56 PM,41.741125,-87.6179616666667
1256,2013-08-22,10:01:06 PM,41.7417233333333,-87.618035
1257,2013-08-22,10:01:16 PM,41.74244,-87.6180483333333
1258,2013-08-22,10:01:26 PM,41.7431583333333,-87.6180666666667
1259,2013-08-22,10:01:36 PM,41.7436283333333,-87.6179816666667
1260,2013-08-22,10:01:56 PM,41.7434466666667,-87.6164233333333
1261,2013-08-22,10:02:06 PM,41.7428433333333,-87.616345
1262,2013-08-22,10:02:16 PM,41.7421966666667,-87.6163633333333
1263,2013-08-22,10:02:26 PM,41.7415883333333,-87.6162833333333
1264,2013-08-22,10:02:36 PM,41.7408933333333,-87.6162633333333
1265,2013-08-22,10:02:46 PM,41.74023,-87.6162333333333
1266,2013-08-22,10:02:56 PM,41.73959,-87.6162066666667
1267,2013-08-22,10:03:06 PM,41.7389333333333,-87.6162033333333
1268,2013-08-22,10:03:16 PM,41.7384,-87.6161333333333
1269,2013-08-22,10:03:26 PM,41.7383966666667,-87.615545
1270,2013-08-22,10:03:36 PM,41.7383866666667,-87.61486
1271,2013-08-22,10:03:46 PM,41.7383866666667,-87.6141166666667
1272,2013-08-22,10:03:56 PM,41.7383933333333,-87.613185
1273,2013-08-22,10:04:06 PM,41.73884,-87.6130516666667
1274,2013-08-22,10:04:16 PM,41.739465,-87.613065
1275,2013-08-22,10:04:26 PM,41.7400983333333,-87.6130866666667
1276,2013-08-22,10:04:36 PM,41.7407483333333,-87.6131
1277,2013-08-22,10:04:46 PM,41.7413716666667,-87.6131183333333
1278,2013-08-22,10:04:56 PM,41.7420016666667,-87.613155
1279,2013-08-22,10:05:06 PM,41.742705,-87.6131866666667
1280,2013-08-22,10:05:16 PM,41.743365,-87.6132033333333
1281,2013-08-22,10:05:46 PM,41.7433633333333,-87.6115733333333
1282,2013-08-22,10:05:56 PM,41.7427533333333,-87.6115566666667
1283,2013-08-22,10:06:06 PM,41.74213,-87.6115233333333
1284,2013-08-22,10:06:16 PM,41.74145,-87.6114983333333
1285,2013-08-22,10:06:26 PM,41.740785,-87.6114616666667
1286,2013-08-22,10:06:36 PM,41.7401216666667,-87.611435
1287,2013-08-22,10:06:46 PM,41.739405,-87.611415
1288,2013-08-22,10:06:56 PM,41.73868,-87.6113983333333
1289,2013-08-22,10:07:06 PM,41.7380016666667,-87.611365
1290,2013-08-22,10:07:16 PM,41.7375333333333,-87.6111033333333
1291,2013-08-22,10:07:26 PM,41.7375583333333,-87.6102333333333
1292,2013-08-22,10:07:36 PM,41.7377983333333,-87.6097866666667
1293,2013-08-22,10:07:46 PM,41.73842,-87.6097983333333
1294,2013-08-22,10:07:56 PM,41.73897,-87.60983
1295,2013-08-22,10:08:06 PM,41.7394083333333,-87.6098483333333
1296,2013-08-22,10:08:16 PM,41.73987,-87.6098616666667
1297,2013-08-22,10:08:26 PM,41.7404516666667,-87.609875
1298,2013-08-22,10:08:36 PM,41.7409633333333,-87.6099
1299,2013-08-22,10:08:46 PM,41.7413666666667,-87.6099216666667
1300,2013-08-22,10:08:56 PM,41.741875,-87.6099333333333
1301,2013-08-22,10:09:06 PM,41.7425166666667,-87.609945
1302,2013-08-22,10:09:16 PM,41.743245,-87.60996
1303,2013-08-22,10:09:26 PM,41.7436816666667,-87.6099516666667
1304,2013-08-22,10:09:56 PM,41.7436966666667,-87.6074966666667
1305,2013-08-22,10:10:06 PM,41.743285,-87.60731
1306,2013-08-22,10:10:16 PM,41.74296,-87.60732
1307,2013-08-22,10:10:36 PM,41.742335,-87.607445
1308,2013-08-22,10:10:46 PM,41.742085,-87.6073016666667
1309,2013-08-22,10:10:56 PM,41.742125,-87.6067316666667
1310,2013-08-22,10:11:06 PM,41.7421333333333,-87.6061133333333
1311,2013-08-22,10:11:46 PM,41.74093,-87.60571
1312,2013-08-22,10:11:56 PM,41.740885,-87.60642
1313,2013-08-22,10:14:06 PM,41.7364933333333,-87.60729
1314,2013-08-22,10:14:16 PM,41.73588,-87.6072783333333
1315,2013-08-22,10:14:26 PM,41.7352483333333,-87.607255
1316,2013-08-22,10:14:36 PM,41.734635,-87.60724
1317,2013-08-22,10:20:26 PM,41.734455,-87.6071816666667
1318,2013-08-22,10:20:36 PM,41.734095,-87.6072216666667
1319,2013-08-22,10:20:46 PM,41.7337183333333,-87.6072
1320,2013-08-22,10:20:56 PM,41.7332833333333,-87.6071816666667
1321,2013-08-22,10:21:06 PM,41.732775,-87.607175
1322,2013-08-22,10:21:16 PM,41.7322033333333,-87.6071683333333
1323,2013-08-22,10:21:26 PM,41.7316133333333,-87.607135
1324,2013-08-22,10:21:36 PM,41.7310016666667,-87.60711
1325,2013-08-22,10:21:46 PM,41.7303,-87.607105
1326,2013-08-22,10:21:56 PM,41.72973,-87.6071083333333
1327,2013-08-22,10:22:06 PM,41.7291,-87.60708
1328,2013-08-22,10:22:16 PM,41.7284783333333,-87.6070716666667
1329,2013-08-22,10:22:26 PM,41.7278616666667,-87.6070616666667
1330,2013-08-22,10:22:36 PM,41.7272483333333,-87.6070516666667
1331,2013-08-22,10:22:46 PM,41.7266633333333,-87.6070233333333
1332,2013-08-22,10:22:56 PM,41.726035,-87.6070016666667
1333,2013-08-22,10:23:06 PM,41.7257566666667,-87.60663
1334,2013-08-22,10:23:16 PM,41.7257733333333,-87.6058666666667
1335,2013-08-22,10:23:26 PM,41.7252816666667,-87.60579
1336,2013-08-22,10:23:36 PM,41.7247083333333,-87.6058233333333
1337,2013-08-22,10:23:46 PM,41.7247883333333,-87.60639
1338,2013-08-22,10:23:56 PM,41.7251283333333,-87.6070833333333
1339,2013-08-22,10:24:06 PM,41.725455,-87.6077516666667
1340,2013-08-22,10:24:16 PM,41.7256516666667,-87.6084116666667
1341,2013-08-22,10:24:26 PM,41.7258366666667,-87.6091116666667
1342,2013-08-22,10:24:36 PM,41.7263733333333,-87.60938
1343,2013-08-22,10:24:46 PM,41.7269816666667,-87.6094016666667
1344,2013-08-22,10:24:56 PM,41.7276283333333,-87.6094266666667
1345,2013-08-22,10:25:06 PM,41.7282516666667,-87.6094383333333
1346,2013-08-22,10:25:16 PM,41.72889,-87.609455
1347,2013-08-22,10:25:26 PM,41.7295066666667,-87.6094733333333
1348,2013-08-22,10:25:36 PM,41.7300483333333,-87.6095033333333
1349,2013-08-22,10:25:46 PM,41.7305633333333,-87.6095166666667
1350,2013-08-22,10:25:56 PM,41.7309883333333,-87.6097033333333
1351,2013-08-22,10:26:06 PM,41.730975,-87.6105266666667
1352,2013-08-22,10:26:16 PM,41.73097,-87.6114133333333
1353,2013-08-22,10:26:26 PM,41.7309516666667,-87.6123166666667
1354,2013-08-22,10:26:36 PM,41.73095,-87.6132666666667
1355,2013-08-22,10:26:46 PM,41.73094,-87.61412
1356,2013-08-22,10:26:56 PM,41.7304283333333,-87.6142983333333
1357,2013-08-22,10:27:06 PM,41.7297116666667,-87.6142966666667
1358,2013-08-22,10:27:16 PM,41.7291466666667,-87.6142216666667
1359,2013-08-22,10:27:26 PM,41.7291416666667,-87.6134583333333
1360,2013-08-22,10:27:36 PM,41.7291716666667,-87.61264
1361,2013-08-22,10:27:46 PM,41.7291866666667,-87.6118633333333
1362,2013-08-22,10:27:56 PM,41.7292166666667,-87.6111133333333
1363,2013-08-22,10:28:06 PM,41.7292466666667,-87.61035
1364,2013-08-22,10:28:16 PM,41.7292666666667,-87.6096016666667
1365,2013-08-22,10:28:26 PM,41.7298033333333,-87.60952
1366,2013-08-22,10:28:36 PM,41.730455,-87.609535
1367,2013-08-22,10:28:46 PM,41.7310183333333,-87.6095316666667
1368,2013-08-22,10:28:56 PM,41.7316433333333,-87.6095533333333
1369,2013-08-22,10:29:06 PM,41.7322483333333,-87.6095833333333
1370,2013-08-22,10:29:16 PM,41.732845,-87.6096016666667
1371,2013-08-22,10:29:26 PM,41.7334483333333,-87.60961
1372,2013-08-22,10:29:36 PM,41.734085,-87.6096233333333
1373,2013-08-22,10:29:46 PM,41.734755,-87.6096883333333
1374,2013-08-22,10:29:56 PM,41.735375,-87.6096966666667
1375,2013-08-22,10:30:06 PM,41.7355883333333,-87.6100016666667
1376,2013-08-22,10:30:16 PM,41.7355566666667,-87.6107833333333
1377,2013-08-22,10:30:26 PM,41.7355366666667,-87.61155
1378,2013-08-22,10:30:36 PM,41.7354183333333,-87.6120733333333
1379,2013-08-22,10:30:46 PM,41.7348416666667,-87.6120433333333
1380,2013-08-22,10:30:56 PM,41.734255,-87.6120183333333
1381,2013-08-22,10:31:06 PM,41.7336866666667,-87.612
1382,2013-08-22,10:31:16 PM,41.7331083333333,-87.6119733333333
1383,2013-08-22,10:31:26 PM,41.732515,-87.6119733333333
1384,2013-08-22,10:31:36 PM,41.7319133333333,-87.6119466666667
1385,2013-08-22,10:31:46 PM,41.7313083333333,-87.6119266666667
1386,2013-08-22,10:31:56 PM,41.7310616666667,-87.6124766666667
1387,2013-08-22,10:32:06 PM,41.7310483333333,-87.6134283333333
1388,2013-08-22,10:32:16 PM,41.7310416666667,-87.6141766666667
1389,2013-08-22,10:32:26 PM,41.7310216666667,-87.6150166666667
1390,2013-08-22,10:32:36 PM,41.7310083333333,-87.6157766666667
1391,2013-08-22,10:32:46 PM,41.731345,-87.6159233333333
1392,2013-08-22,10:32:56 PM,41.7319366666667,-87.6159466666667
1393,2013-08-22,10:33:06 PM,41.7325766666667,-87.615975
1394,2013-08-22,10:33:16 PM,41.7332216666667,-87.6160033333333
1395,2013-08-22,10:33:26 PM,41.7338233333333,-87.6160283333333
1396,2013-08-22,10:33:36 PM,41.7344016666667,-87.6160566666667
1397,2013-08-22,10:33:46 PM,41.7349666666667,-87.6161266666667
1398,2013-08-22,10:33:56 PM,41.73555,-87.61606
1399,2013-08-22,10:34:06 PM,41.7361866666667,-87.6160916666667
1400,2013-08-22,10:35:16 PM,41.7343,-87.619275
1401,2013-08-22,10:35:26 PM,41.7337816666667,-87.6192566666667
1402,2013-08-22,10:35:36 PM,41.7332466666667,-87.6192516666667
1403,2013-08-22,10:35:46 PM,41.7328033333333,-87.619155
1404,2013-08-22,10:35:56 PM,41.7327866666667,-87.6182866666667
1405,2013-08-22,10:36:06 PM,41.7328016666667,-87.6174566666667
1406,2013-08-22,10:36:16 PM,41.7328166666667,-87.6165233333333
1407,2013-08-22,10:36:26 PM,41.7326333333333,-87.616045
1408,2013-08-22,10:36:36 PM,41.73193,-87.61602
1409,2013-08-22,10:36:46 PM,41.73125,-87.6159766666667
1410,2013-08-22,10:36:56 PM,41.730735,-87.615995
1411,2013-08-22,10:37:06 PM,41.73006,-87.6159616666667
1412,2013-08-22,10:37:16 PM,41.7294416666667,-87.61595
1413,2013-08-22,10:37:26 PM,41.729195,-87.6163233333333
1414,2013-08-22,10:37:36 PM,41.729395,-87.61693
1415,2013-08-22,10:37:46 PM,41.7296116666667,-87.6175116666667
1416,2013-08-22,10:37:56 PM,41.7300633333333,-87.617545
1417,2013-08-22,10:38:06 PM,41.7306683333333,-87.617575
1418,2013-08-22,10:38:16 PM,41.73116,-87.6175716666667
1419,2013-08-22,10:38:26 PM,41.7317883333333,-87.617595
1420,2013-08-22,10:38:36 PM,41.7324583333333,-87.617615
1421,2013-08-22,10:38:46 PM,41.7327666666667,-87.6180033333333
1422,2013-08-22,10:38:56 PM,41.7327616666667,-87.6189133333333
1423,2013-08-22,10:39:06 PM,41.73261,-87.619175
1424,2013-08-22,10:39:16 PM,41.73213,-87.61922
1425,2013-08-22,10:39:26 PM,41.7317366666667,-87.61923
1426,2013-08-22,10:39:36 PM,41.731225,-87.619215
1427,2013-08-22,10:39:46 PM,41.7309883333333,-87.6194716666667
1428,2013-08-22,10:39:56 PM,41.730955,-87.6202266666667
1429,2013-08-22,10:40:06 PM,41.7309416666667,-87.620955
1430,2013-08-22,10:40:16 PM,41.7309266666667,-87.6215216666667
1431,2013-08-22,10:40:26 PM,41.731515,-87.6216383333333
1432,2013-08-22,10:40:36 PM,41.7317916666667,-87.62143
1433,2013-08-22,10:40:46 PM,41.7318016666667,-87.620625
1434,2013-08-22,10:42:36 PM,41.7291616666667,-87.6191233333333
1435,2013-08-22,10:42:46 PM,41.7285033333333,-87.6190866666667
1436,2013-08-22,10:42:56 PM,41.727825,-87.619065
1437,2013-08-22,10:43:06 PM,41.7272,-87.61906
1438,2013-08-22,10:43:16 PM,41.7265266666667,-87.6190516666667
1439,2013-08-22,10:43:26 PM,41.7258783333333,-87.619035
1440,2013-08-22,10:43:36 PM,41.725245,-87.6190333333333
1441,2013-08-22,10:43:46 PM,41.72457,-87.61901
1442,2013-08-22,10:43:56 PM,41.72391,-87.619
1443,2013-08-22,10:44:06 PM,41.7232116666667,-87.6189866666667
1444,2013-08-22,10:44:16 PM,41.7225466666667,-87.6189733333333
1445,2013-08-22,10:44:46 PM,41.7224933333333,-87.6177716666667
1446,2013-08-22,10:44:56 PM,41.7231466666667,-87.6178
1447,2013-08-22,10:45:06 PM,41.7238083333333,-87.617815
1448,2013-08-22,10:45:16 PM,41.7244833333333,-87.6178366666667
1449,2013-08-22,10:45:26 PM,41.7251416666667,-87.6178683333333
1450,2013-08-22,10:45:36 PM,41.72589,-87.6178916666667
1451,2013-08-22,10:45:46 PM,41.72659,-87.6179116666667
1452,2013-08-22,10:45:56 PM,41.7272766666667,-87.617915
1453,2013-08-22,10:46:06 PM,41.7279583333333,-87.6179366666667
1454,2013-08-22,10:46:16 PM,41.728195,-87.6174783333333
1455,2013-08-22,10:46:26 PM,41.7279166666667,-87.6167566666667
1456,2013-08-22,10:46:36 PM,41.7273166666667,-87.6167133333333
1457,2013-08-22,10:46:46 PM,41.7267133333333,-87.616685
1458,2013-08-22,10:46:56 PM,41.7260883333333,-87.6166666666667
1459,2013-08-22,10:47:06 PM,41.7254433333333,-87.61664
1460,2013-08-22,10:47:16 PM,41.724795,-87.616605
1461,2013-08-22,10:47:26 PM,41.7241783333333,-87.6165916666667
1462,2013-08-22,10:47:36 PM,41.7235433333333,-87.6165766666667
1463,2013-08-22,10:47:46 PM,41.7228866666667,-87.6165483333333
1464,2013-08-22,10:47:56 PM,41.72222,-87.61653
1465,2013-08-22,10:48:26 PM,41.7224133333333,-87.61534
1466,2013-08-22,10:48:36 PM,41.7230716666667,-87.6153666666667
1467,2013-08-22,10:48:46 PM,41.7237366666667,-87.6153883333333
1468,2013-08-22,10:48:56 PM,41.7244516666667,-87.6154183333333
1469,2013-08-22,10:49:06 PM,41.725185,-87.61544
1470,2013-08-22,10:49:16 PM,41.7258583333333,-87.6154616666667
1471,2013-08-22,10:49:26 PM,41.7265483333333,-87.61549
1472,2013-08-22,10:49:36 PM,41.7271933333333,-87.6155
1473,2013-08-22,10:49:46 PM,41.7276666666667,-87.6158916666667
1474,2013-08-22,10:52:46 PM,41.7220366666667,-87.6221783333333
1475,2013-08-22,10:52:56 PM,41.72271,-87.6221883333333
1476,2013-08-22,10:53:06 PM,41.7233833333333,-87.6222133333333
1477,2013-08-22,10:53:16 PM,41.7239883333333,-87.6222283333333
1478,2013-08-22,10:53:26 PM,41.7246116666667,-87.6222533333333
1479,2013-08-22,10:53:36 PM,41.725205,-87.6222766666667
1480,2013-08-22,10:53:46 PM,41.72592,-87.622305
1481,2013-08-22,10:53:56 PM,41.7266166666667,-87.6223216666667
1482,2013-08-22,10:54:06 PM,41.727355,-87.6223283333333
1483,2013-08-22,10:54:16 PM,41.728115,-87.622365
1484,2013-08-22,10:54:26 PM,41.7287166666667,-87.6223683333333
1485,2013-08-22,10:54:36 PM,41.7290433333333,-87.621985
1486,2013-08-22,10:54:46 PM,41.7290566666667,-87.62114
1487,2013-08-22,10:54:56 PM,41.7287916666667,-87.620775
1488,2013-08-22,10:55:06 PM,41.728175,-87.6207416666667
1489,2013-08-22,10:55:16 PM,41.72753,-87.6207316666667
1490,2013-08-22,10:55:26 PM,41.7268916666667,-87.6207133333333
1491,2013-08-22,10:55:36 PM,41.7262666666667,-87.6206966666667
1492,2013-08-22,10:55:46 PM,41.7256333333333,-87.6206766666667
1493,2013-08-22,10:55:56 PM,41.7249483333333,-87.6206566666667
1494,2013-08-22,10:56:06 PM,41.72424,-87.6206466666667
1495,2013-08-22,10:56:16 PM,41.7235183333333,-87.6206183333333
1496,2013-08-22,10:56:26 PM,41.7228366666667,-87.6205933333333
1497,2013-08-22,10:56:36 PM,41.722205,-87.6205733333333
1498,2013-08-22,10:57:16 PM,41.72218,-87.618955
1499,2013-08-22,10:57:26 PM,41.7228933333333,-87.618985
1500,2013-08-22,10:57:36 PM,41.7235916666667,-87.6190116666667
1501,2013-08-22,10:57:46 PM,41.7243166666667,-87.6190283333333
1502,2013-08-22,10:57:56 PM,41.7250066666667,-87.6190533333333
1503,2013-08-22,10:58:06 PM,41.72567,-87.6190683333333
1504,2013-08-22,10:58:16 PM,41.72644,-87.6190783333333
1505,2013-08-22,10:58:26 PM,41.7271433333333,-87.6191
1506,2013-08-22,10:58:36 PM,41.72788,-87.6191283333333
1507,2013-08-22,10:58:56 PM,41.7292816666667,-87.6191433333333
1508,2013-08-22,10:59:16 PM,41.7300333333333,-87.6187
1509,2013-08-22,10:59:26 PM,41.730045,-87.61787
1510,2013-08-22,10:59:36 PM,41.7297016666667,-87.61761
1511,2013-08-22,11:00:06 PM,41.7291983333333,-87.6155633333333
1512,2013-08-22,11:00:16 PM,41.7291933333333,-87.61476
1513,2013-08-22,11:00:56 PM,41.726665,-87.6136716666667
1514,2013-08-22,11:01:06 PM,41.7262533333333,-87.6128183333333
1515,2013-08-22,11:01:16 PM,41.7258833333333,-87.6120833333333
1516,2013-08-22,11:01:26 PM,41.7256433333333,-87.6113366666667
1517,2013-08-22,11:01:36 PM,41.72557,-87.6105016666667
1518,2013-08-22,11:01:46 PM,41.72521,-87.60974
1519,2013-08-22,11:01:56 PM,41.724675,-87.6094516666667
1520,2013-08-22,11:02:06 PM,41.7239383333333,-87.6094116666667
1521,2013-08-22,11:02:16 PM,41.7232183333333,-87.6094
1522,2013-08-22,11:02:26 PM,41.722525,-87.6093833333333
1523,2013-08-22,11:03:16 PM,41.7223966666667,-87.6081816666667
1524,2013-08-22,11:03:26 PM,41.7230483333333,-87.6081766666667
1525,2013-08-22,11:03:36 PM,41.7236416666667,-87.6082116666667
1526,2013-08-22,11:03:46 PM,41.7236966666667,-87.6078333333333
1527,2013-08-22,11:03:56 PM,41.72338,-87.6071283333333
1528,2013-08-22,11:04:06 PM,41.7228233333333,-87.6069633333333
1529,2013-08-22,11:04:56 PM,41.7228266666667,-87.6093783333333
1530,2013-08-22,11:05:06 PM,41.7234216666667,-87.60939
1531,2013-08-22,11:05:16 PM,41.7240483333333,-87.6093916666667
1532,2013-08-22,11:05:46 PM,41.7255183333333,-87.6105316666667
1533,2013-08-22,11:05:56 PM,41.7250783333333,-87.6106033333333
1534,2013-08-22,11:06:06 PM,41.7246566666667,-87.6106083333333
1535,2013-08-22,11:06:16 PM,41.72415,-87.610575
1536,2013-08-22,11:06:36 PM,41.7235116666667,-87.6105566666667
1537,2013-08-22,11:35:46 PM,41.7212016666667,-87.6164733333333
1538,2013-08-22,11:35:56 PM,41.7207716666667,-87.61648
1539,2013-08-22,11:36:06 PM,41.7203416666667,-87.61646
1540,2013-08-22,11:36:16 PM,41.71982,-87.6164166666667
1541,2013-08-22,11:36:26 PM,41.7191983333333,-87.61641
1542,2013-08-22,11:36:36 PM,41.7185533333333,-87.6163866666667
1543,2013-08-22,11:36:46 PM,41.7179133333333,-87.6163666666667
1544,2013-08-22,11:36:56 PM,41.7172683333333,-87.61636
1545,2013-08-22,11:37:06 PM,41.7166116666667,-87.6163366666667
1546,2013-08-22,11:37:16 PM,41.71594,-87.616305
1547,2013-08-22,11:37:26 PM,41.71526,-87.6162933333333
1548,2013-08-22,11:37:36 PM,41.7145733333333,-87.6162916666667
1549,2013-08-22,11:37:56 PM,41.713925,-87.6158916666667
1550,2013-08-22,11:38:06 PM,41.7140416666667,-87.6151016666667
1551,2013-08-22,11:38:16 PM,41.71463,-87.615115
1552,2013-08-22,11:38:26 PM,41.715275,-87.6151433333333
1553,2013-08-22,11:38:36 PM,41.7158816666667,-87.6151616666667
1554,2013-08-22,11:38:46 PM,41.7164433333333,-87.6151766666667
1555,2013-08-22,11:38:56 PM,41.7170966666667,-87.6152166666667
1556,2013-08-22,11:39:06 PM,41.717755,-87.615235
1557,2013-08-22,11:39:16 PM,41.71837,-87.6152516666667
1558,2013-08-22,11:39:26 PM,41.7189883333333,-87.61528
1559,2013-08-22,11:39:36 PM,41.71958,-87.6153033333333
1560,2013-08-22,11:39:46 PM,41.7201383333333,-87.6153216666667
1561,2013-08-22,11:39:56 PM,41.7208083333333,-87.615345
1562,2013-08-22,11:40:46 PM,41.7214416666667,-87.6190133333333
1563,2013-08-22,11:40:56 PM,41.7208483333333,-87.6189883333333
1564,2013-08-22,11:41:06 PM,41.7201766666667,-87.6189683333333
1565,2013-08-22,11:41:16 PM,41.71954,-87.6189383333333
1566,2013-08-22,11:41:26 PM,41.7188466666667,-87.6189183333333
1567,2013-08-22,11:41:36 PM,41.71819,-87.618905
1568,2013-08-22,11:41:46 PM,41.7175233333333,-87.61888
1569,2013-08-22,11:41:56 PM,41.71681,-87.6188666666667
1570,2013-08-22,11:42:06 PM,41.716135,-87.6188516666667
1571,2013-08-22,11:42:16 PM,41.7153716666667,-87.6188283333333
1572,2013-08-22,11:42:26 PM,41.7147233333333,-87.6188133333333
1573,2013-08-22,11:42:36 PM,41.7142683333333,-87.61879
1574,2013-08-22,11:42:46 PM,41.714005,-87.6182266666667
1575,2013-08-22,11:42:56 PM,41.7141233333333,-87.6175933333333
1576,2013-08-22,11:43:06 PM,41.7147366666667,-87.617605
1577,2013-08-22,11:43:16 PM,41.7154383333333,-87.617635
1578,2013-08-22,11:43:26 PM,41.7161083333333,-87.61765
1579,2013-08-22,11:43:36 PM,41.7167616666667,-87.6176633333333
1580,2013-08-22,11:43:46 PM,41.7174466666667,-87.6176866666667
1581,2013-08-22,11:43:56 PM,41.7181333333333,-87.6177066666667
1582,2013-08-22,11:44:06 PM,41.7187766666667,-87.617735
1583,2013-08-22,11:44:16 PM,41.7194666666667,-87.617785
1584,2013-08-22,11:44:26 PM,41.72011,-87.6177983333333
1585,2013-08-22,11:44:36 PM,41.7208216666667,-87.61781
1586,2013-08-22,11:44:46 PM,41.7214716666667,-87.6178033333333
